base_delay,control_interval,result
1,1,96.27
1,2,97.01
1,3,97.14
1,4,96.95
1,5,96.67
1,6,96.57
1,7,97.22
1,8,95.8
1,9,96.3
1,10,97.12
1,11,95.99
1,12,96.25
1,13,96.5
1,14,96.36
1,15,96.67
1,16,96.16
1,17,96.86
1,18,95.87
1,19,95.02
1,20,96.13
1,21,95.63
1,22,95.88
1,23,95.99
1,24,95.79
1,25,95.36
1,26,96.18
1,27,95.54
1,28,95.91
1,29,94.83
1,30,94.66
1,31,94.94
1,32,94.97
1,33,95.36
1,34,95.22
1,35,94.85
1,36,95.3
1,37,95.28
1,38,94.52
1,39,94.62
1,40,94.32
1,41,94.71
1,42,94.49
1,43,94.67
1,44,94.15
1,45,94.84
1,46,94.26
1,47,93.59
1,48,94.26
1,49,94.3
1,50,94.24
1,51,93.4
1,52,94.07
1,53,94.4
1,54,93.59
1,55,93.91
1,56,93.87
1,57,91.89
1,58,93.64
1,59,92.55
1,60,94.12
1,61,94.58
1,62,93.41
1,63,93.53999999999999
1,64,94.53
1,65,93.12
1,66,93.78
1,67,93.33
1,68,93.98
1,69,94.02
1,70,93.79
1,71,92.91
1,72,92.43
1,73,92.77
1,74,93.51
1,75,93.64
1,76,93.59
1,77,92.21
1,78,93.35
1,79,93.16
1,80,94.36
1,81,93.08
1,82,92.07
1,83,93.06
1,84,94.05
1,85,93.15
1,86,92.91
1,87,92.92
1,88,93.82
1,89,92.6
1,90,92.49
1,91,92.28
1,92,91.44
1,93,90.85
1,94,93.95
1,95,93.41
1,96,93.03
1,97,91.35
1,98,90.64
1,99,91.99
1,100,92.6
2,1,97.25
2,2,96.5
2,3,96.75
2,4,96.7
2,5,96.91
2,6,96.2
2,7,97.18
2,8,96.45
2,9,95.13
2,10,96.09
2,11,95.94
2,12,96.32
2,13,96.51
2,14,95.68
2,15,96.51
2,16,95.53
2,17,95.76
2,18,96.12
2,19,96.01
2,20,95.64
2,21,96.18
2,22,96.21
2,23,96.12
2,24,96.04
2,25,94.85
2,26,95.67
2,27,95.13
2,28,95.68
2,29,95.08
2,30,94.48
2,31,94.98
2,32,95.64
2,33,94.72
2,34,94.49
2,35,94.85
2,36,94.83
2,37,94.91
2,38,94.51
2,39,94.28
2,40,93.63
2,41,93.22
2,42,92.92
2,43,93.86
2,44,93.89
2,45,94.55
2,46,93.33
2,47,93.71
2,48,93.71
2,49,92.97
2,50,94.07
2,51,93.37
2,52,93.59
2,53,94.2
2,54,93.0
2,55,92.85
2,56,93.21
2,57,92.62
2,58,92.65
2,59,92.31
2,60,93.25
2,61,92.85
2,62,92.13
2,63,93.05
2,64,92.77
2,65,92.37
2,66,93.17
2,67,91.84
2,68,93.01
2,69,93.18
2,70,93.15
2,71,92.87
2,72,92.33
2,73,92.72
2,74,92.55
2,75,90.55
2,76,92.09
2,77,92.6
2,78,92.19
2,79,93.97
2,80,93.85
2,81,93.91
2,82,92.3
2,83,92.85
2,84,92.36
2,85,91.92
2,86,91.75
2,87,91.48
2,88,91.5
2,89,93.03
2,90,92.73
2,91,93.92
2,92,92.02
2,93,92.1
2,94,93.43
2,95,90.77
2,96,91.02
2,97,92.12
2,98,90.95
2,99,90.67
2,100,94.26
3,1,96.71
3,2,96.01
3,3,96.59
3,4,96.68
3,5,95.76
3,6,96.59
3,7,96.9
3,8,96.44
3,9,95.88
3,10,96.24
3,11,96.03
3,12,94.99
3,13,95.89
3,14,95.37
3,15,96.0
3,16,96.51
3,17,95.65
3,18,95.68
3,19,95.92
3,20,95.57
3,21,95.31
3,22,94.75
3,23,95.28
3,24,94.99
3,25,94.71
3,26,95.06
3,27,94.62
3,28,95.02
3,29,95.12
3,30,94.94
3,31,94.62
3,32,94.31
3,33,94.68
3,34,95.06
3,35,94.54
3,36,95.01
3,37,94.46
3,38,94.7
3,39,94.67
3,40,93.93
3,41,94.57
3,42,93.97
3,43,94.27
3,44,94.18
3,45,93.91
3,46,94.16
3,47,92.76
3,48,93.28
3,49,93.89
3,50,93.88
3,51,94.01
3,52,93.06
3,53,92.71
3,54,92.35
3,55,93.12
3,56,93.78
3,57,93.5
3,58,93.1
3,59,93.45
3,60,93.55
3,61,92.35
3,62,93.09
3,63,92.27
3,64,91.9
3,65,93.28
3,66,93.71
3,67,92.85
3,68,92.11
3,69,92.06
3,70,92.81
3,71,92.17
3,72,93.4
3,73,92.7
3,74,93.18
3,75,92.12
3,76,92.77
3,77,91.41
3,78,92.15
3,79,92.97
3,80,90.77
3,81,91.13
3,82,91.95
3,83,91.23
3,84,92.55
3,85,92.61
3,86,91.09
3,87,91.97
3,88,93.2
3,89,94.21
3,90,90.14
3,91,93.14
3,92,91.93
3,93,90.22
3,94,89.94
3,95,92.45
3,96,90.78
3,97,91.86
3,98,89.59
3,99,91.78
3,100,91.67
4,1,95.22
4,2,96.75
4,3,95.6
4,4,96.47
4,5,96.34
4,6,95.39
4,7,95.71
4,8,95.79
4,9,95.66
4,10,95.72
4,11,95.92
4,12,96.1
4,13,96.06
4,14,95.6
4,15,95.06
4,16,95.78
4,17,95.42
4,18,95.95
4,19,94.59
4,20,95.2
4,21,94.55
4,22,95.67
4,23,94.96
4,24,94.69
4,25,95.55
4,26,95.11
4,27,95.21
4,28,95.15
4,29,95.08
4,30,94.79
4,31,94.17
4,32,94.1
4,33,94.19
4,34,93.62
4,35,93.97
4,36,93.98
4,37,93.93
4,38,94.01
4,39,93.74
4,40,94.22
4,41,93.44
4,42,93.4
4,43,94.19
4,44,93.58
4,45,93.35
4,46,92.97
4,47,92.88
4,48,93.08
4,49,93.57
4,50,93.64
4,51,92.72
4,52,92.3
4,53,93.28999999999999
4,54,93.14
4,55,92.41
4,56,92.54
4,57,91.95
4,58,92.62
4,59,92.61
4,60,92.6
4,61,92.69
4,62,92.72
4,63,91.9
4,64,92.3
4,65,92.07
4,66,91.8
4,67,92.22
4,68,91.57
4,69,91.74
4,70,92.43
4,71,91.6
4,72,92.41
4,73,91.95
4,74,91.8
4,75,91.6
4,76,91.41
4,77,91.97
4,78,90.92
4,79,91.41
4,80,90.51
4,81,90.44
4,82,91.54
4,83,91.96000000000001
4,84,91.25
4,85,90.97
4,86,90.84
4,87,91.34
4,88,89.99
4,89,91.67
4,90,90.55
4,91,91.32
4,92,91.94
4,93,92.18
4,94,91.7
4,95,92.5
4,96,91.24
4,97,89.61
4,98,90.83
4,99,89.77
4,100,91.21
5,1,95.97
5,2,96.26
5,3,95.56
5,4,96.67
5,5,95.44
5,6,95.73
5,7,95.57
5,8,94.92
5,9,94.94
5,10,95.45
5,11,94.61
5,12,94.75
5,13,95.62
5,14,95.61
5,15,95.36
5,16,95.19
5,17,95.4
5,18,94.84
5,19,94.64
5,20,94.83
5,21,95.36
5,22,95.66
5,23,95.25
5,24,95.06
5,25,95.05
5,26,94.76
5,27,94.94
5,28,94.54
5,29,94.96
5,30,94.46
5,31,95.12
5,32,94.18
5,33,94.5
5,34,93.33
5,35,94.06
5,36,93.83
5,37,93.77
5,38,94.13
5,39,94.66
5,40,93.75
5,41,92.66
5,42,92.94
5,43,91.93
5,44,93.07
5,45,93.49
5,46,93.36
5,47,92.77
5,48,93.13
5,49,92.87
5,50,93.0
5,51,92.59
5,52,92.97
5,53,92.03999999999999
5,54,92.61
5,55,92.36
5,56,92.88
5,57,91.98
5,58,92.14
5,59,91.87
5,60,91.92
5,61,91.77
5,62,92.37
5,63,92.01
5,64,91.92
5,65,91.96000000000001
5,66,91.66
5,67,91.15
5,68,91.78999999999999
5,69,93.05
5,70,91.36
5,71,91.03
5,72,91.5
5,73,91.29
5,74,90.78999999999999
5,75,91.63
5,76,91.47
5,77,91.89
5,78,91.54
5,79,91.04
5,80,89.76
5,81,90.78999999999999
5,82,90.47
5,83,90.56
5,84,90.51
5,85,90.25
5,86,89.93
5,87,91.42
5,88,91.31
5,89,90.81
5,90,89.53
5,91,91.33
5,92,89.5
5,93,88.54
5,94,90.73
5,95,88.65
5,96,88.89
5,97,89.18
5,98,87.93
5,99,90.08
5,100,88.61
6,1,96.4
6,2,95.93
6,3,95.48
6,4,96.46
6,5,95.24
6,6,95.34
6,7,94.94
6,8,95.75
6,9,94.89
6,10,95.41
6,11,96.3
6,12,95.17
6,13,94.94
6,14,95.91
6,15,95.67
6,16,95.22
6,17,95.23
6,18,94.37
6,19,95.28
6,20,94.66
6,21,94.87
6,22,94.96
6,23,94.67
6,24,93.8
6,25,94.77
6,26,93.87
6,27,93.97
6,28,95.0
6,29,94.75
6,30,94.02
6,31,93.75
6,32,94.21
6,33,94.32
6,34,94.34
6,35,93.45
6,36,93.58
6,37,93.5
6,38,94.07
6,39,93.65
6,40,93.86
6,41,93.64
6,42,92.83
6,43,93.45
6,44,93.03
6,45,93.27
6,46,92.66
6,47,92.67
6,48,92.55
6,49,93.47
6,50,92.77
6,51,90.33
6,52,92.33
6,53,91.44
6,54,92.25
6,55,91.46
6,56,91.71
6,57,92.29
6,58,91.92
6,59,91.53
6,60,91.77
6,61,90.89
6,62,91.4
6,63,91.01
6,64,91.33
6,65,91.07
6,66,91.25
6,67,91.04
6,68,91.84
6,69,91.47
6,70,91.84
6,71,91.25
6,72,91.0
6,73,91.19
6,74,90.68
6,75,91.33
6,76,91.16
6,77,90.99
6,78,91.2
6,79,90.33
6,80,91.44
6,81,90.6
6,82,89.71
6,83,89.62
6,84,90.61
6,85,91.32
6,86,89.59
6,87,89.31
6,88,88.96000000000001
6,89,88.71000000000001
6,90,89.81
6,91,89.35
6,92,89.38
6,93,89.16
6,94,89.57
6,95,89.89
6,96,89.43
6,97,88.33
6,98,89.13
6,99,89.3
6,100,90.03
7,1,95.82
7,2,94.92
7,3,95.99
7,4,95.83
7,5,93.86
7,6,95.82
7,7,94.21
7,8,95.0
7,9,94.64
7,10,95.35
7,11,96.26
7,12,95.37
7,13,94.38
7,14,94.4
7,15,95.11
7,16,95.42
7,17,95.09
7,18,95.0
7,19,94.56
7,20,94.23
7,21,94.27
7,22,94.5
7,23,94.94
7,24,95.1
7,25,93.67
7,26,94.68
7,27,94.71
7,28,94.11
7,29,94.19
7,30,93.83
7,31,93.68
7,32,94.03
7,33,93.34
7,34,93.39
7,35,93.43
7,36,94.56
7,37,93.37
7,38,93.03
7,39,93.55
7,40,93.07
7,41,93.43
7,42,92.85
7,43,92.76
7,44,92.84
7,45,93.12
7,46,92.44
7,47,93.18
7,48,92.5
7,49,92.21
7,50,92.83
7,51,92.23
7,52,92.58
7,53,92.07
7,54,92.28
7,55,91.86
7,56,92.2
7,57,90.81
7,58,91.4
7,59,91.33
7,60,91.61
7,61,91.8
7,62,91.27
7,63,90.93
7,64,91.02
7,65,90.83
7,66,91.26
7,67,91.08
7,68,90.67
7,69,90.82
7,70,90.3
7,71,90.78
7,72,90.51
7,73,91.03
7,74,90.88
7,75,90.15
7,76,89.87
7,77,90.01
7,78,90.47
7,79,90.38
7,80,90.46000000000001
7,81,89.49
7,82,90.12
7,83,89.24
7,84,90.98
7,85,90.04
7,86,89.91
7,87,89.79
7,88,89.77
7,89,89.25
7,90,90.39
7,91,89.28
7,92,89.86
7,93,88.56
7,94,88.38
7,95,88.43
7,96,88.78999999999999
7,97,89.3
7,98,91.66
7,99,88.93
7,100,91.39
8,1,95.46
8,2,95.53
8,3,95.24
8,4,95.34
8,5,95.13
8,6,94.13
8,7,95.09
8,8,95.02
8,9,94.28
8,10,95.14
8,11,95.34
8,12,95.13
8,13,95.21
8,14,95.31
8,15,94.93
8,16,94.85
8,17,93.97
8,18,94.6
8,19,93.79
8,20,94.93
8,21,94.49
8,22,94.59
8,23,95.06
8,24,94.07
8,25,94.39
8,26,94.33
8,27,93.72
8,28,93.89
8,29,94.23
8,30,93.97
8,31,94.42
8,32,93.83
8,33,93.73
8,34,93.45
8,35,93.81
8,36,93.7
8,37,93.69
8,38,93.49
8,39,92.74
8,40,93.4
8,41,93.75
8,42,93.06
8,43,93.01
8,44,92.85
8,45,91.34
8,46,92.17
8,47,92.45
8,48,92.33
8,49,91.73
8,50,92.16
8,51,92.2
8,52,92.0
8,53,92.37
8,54,91.61
8,55,91.05
8,56,91.67
8,57,91.61
8,58,91.63
8,59,91.25
8,60,91.37
8,61,91.07
8,62,90.85
8,63,90.94
8,64,91.05
8,65,90.23
8,66,91.1
8,67,90.9
8,68,91.24
8,69,90.85
8,70,89.54
8,71,89.7
8,72,90.77
8,73,90.21
8,74,90.67
8,75,90.3
8,76,89.64
8,77,90.45
8,78,90.07
8,79,89.85
8,80,89.45
8,81,88.95
8,82,89.73
8,83,90.19
8,84,90.36
8,85,90.68
8,86,89.2
8,87,88.9
8,88,88.47
8,89,89.1
8,90,88.26
8,91,89.32
8,92,88.04
8,93,88.48
8,94,88.94
8,95,88.51
8,96,89.81
8,97,88.42
8,98,88.51
8,99,88.12
8,100,88.73
9,1,94.34
9,2,95.18
9,3,93.86
9,4,95.16
9,5,95.47
9,6,94.4
9,7,94.67
9,8,94.4
9,9,95.13
9,10,94.54
9,11,94.61
9,12,94.31
9,13,94.19
9,14,93.71
9,15,94.16
9,16,95.0
9,17,94.38
9,18,94.41
9,19,94.73
9,20,93.37
9,21,93.89
9,22,93.94
9,23,94.96
9,24,94.61
9,25,94.41
9,26,94.23
9,27,94.43
9,28,94.56
9,29,92.78
9,30,93.9
9,31,93.87
9,32,93.59
9,33,92.95
9,34,93.35
9,35,93.97
9,36,93.31
9,37,93.77
9,38,93.19
9,39,93.06
9,40,93.13
9,41,93.39
9,42,92.69
9,43,92.74
9,44,92.24
9,45,92.4
9,46,92.48
9,47,93.32
9,48,92.17
9,49,92.64
9,50,91.46
9,51,91.84
9,52,91.71
9,53,92.28
9,54,91.28
9,55,91.03
9,56,91.09
9,57,91.28
9,58,90.63
9,59,91.21
9,60,91.15
9,61,90.58
9,62,90.88
9,63,91.09
9,64,90.11
9,65,90.46000000000001
9,66,90.97
9,67,90.94
9,68,90.41
9,69,90.06
9,70,89.88
9,71,90.52
9,72,90.25
9,73,89.89
9,74,89.77
9,75,90.08
9,76,90.57
9,77,89.94
9,78,89.74
9,79,89.54
9,80,90.07
9,81,89.46000000000001
9,82,90.68
9,83,90.18
9,84,90.28
9,85,89.1
9,86,89.54
9,87,89.42
9,88,88.93
9,89,89.1
9,90,89.21000000000001
9,91,88.68
9,92,88.66
9,93,88.23
9,94,88.26
9,95,88.63
9,96,88.74
9,97,88.47
9,98,88.64
9,99,87.84
9,100,88.83
10,1,94.83
10,2,95.23
10,3,93.5
10,4,94.47
10,5,94.57
10,6,94.95
10,7,94.1
10,8,94.12
10,9,94.45
10,10,94.0
10,11,94.5
10,12,93.87
10,13,94.35
10,14,93.92
10,15,93.95
10,16,94.48
10,17,93.85
10,18,93.72
10,19,93.36
10,20,92.9
10,21,94.05
10,22,93.15
10,23,93.8
10,24,93.73
10,25,93.99
10,26,94.4
10,27,93.65
10,28,94.16
10,29,93.84
10,30,93.2
10,31,92.94
10,32,93.13
10,33,93.07
10,34,93.8
10,35,92.1
10,36,93.93
10,37,93.55
10,38,92.59
10,39,92.99
10,40,92.1
10,41,92.62
10,42,92.5
10,43,91.61
10,44,92.52
10,45,91.99
10,46,92.37
10,47,92.42
10,48,91.96000000000001
10,49,92.37
10,50,92.15
10,51,91.11
10,52,92.24
10,53,91.58
10,54,91.86
10,55,91.47
10,56,91.64
10,57,91.2
10,58,90.4
10,59,90.66
10,60,90.64
10,61,90.73
10,62,91.07
10,63,90.65
10,64,90.63
10,65,90.41
10,66,90.31
10,67,90.33
10,68,90.21
10,69,90.22
10,70,90.37
10,71,89.96
10,72,90.43
10,73,89.26
10,74,90.04
10,75,89.09
10,76,89.6
10,77,89.56
10,78,89.72
10,79,89.96
10,80,88.82
10,81,89.24
10,82,89.12
10,83,89.83
10,84,88.35
10,85,88.36
10,86,88.74
10,87,88.56
10,88,89.46000000000001
10,89,88.68
10,90,89.13
10,91,89.86
10,92,88.06
10,93,88.81
10,94,88.63
10,95,89.5
10,96,88.42
10,97,87.69
10,98,88.07
10,99,87.61
10,100,89.53
11,1,92.9
11,2,94.34
11,3,94.11
11,4,94.4
11,5,94.6
11,6,93.94
11,7,94.15
11,8,94.32
11,9,93.89
11,10,94.05
11,11,93.82
11,12,94.07
11,13,93.97
11,14,94.12
11,15,93.75
11,16,94.47
11,17,93.94
11,18,93.88
11,19,93.34
11,20,93.91
11,21,94.03
11,22,93.35
11,23,94.27
11,24,94.19
11,25,93.82
11,26,93.13
11,27,94.11
11,28,94.05
11,29,93.64
11,30,92.63
11,31,93.09
11,32,92.69
11,33,93.41
11,34,92.96
11,35,93.46
11,36,93.32
11,37,91.45
11,38,92.97
11,39,92.74
11,40,93.04
11,41,92.64
11,42,93.14
11,43,91.91
11,44,91.47
11,45,91.58
11,46,91.86
11,47,91.6
11,48,91.81
11,49,91.94
11,50,92.23
11,51,91.62
11,52,91.13
11,53,90.74
11,54,91.83
11,55,90.14
11,56,91.55
11,57,90.97
11,58,90.68
11,59,90.72
11,60,90.58
11,61,90.06
11,62,89.88
11,63,89.75
11,64,90.83
11,65,90.08
11,66,90.43
11,67,90.46000000000001
11,68,90.32
11,69,90.87
11,70,89.66
11,71,89.67
11,72,90.34
11,73,89.88
11,74,89.62
11,75,89.94
11,76,89.97
11,77,89.11
11,78,89.02
11,79,88.77
11,80,89.14
11,81,89.68
11,82,89.62
11,83,89.54
11,84,88.2
11,85,88.18
11,86,87.87
11,87,88.69
11,88,88.5
11,89,89.18
11,90,89.19
11,91,88.78
11,92,87.81
11,93,88.58
11,94,88.06
11,95,87.69
11,96,87.56
11,97,87.7
11,98,87.37
11,99,87.97
11,100,87.44
12,1,94.72
12,2,94.35
12,3,94.53
12,4,93.91
12,5,93.55
12,6,93.95
12,7,93.74
12,8,94.27
12,9,93.68
12,10,94.42
12,11,93.57
12,12,94.03
12,13,94.09
12,14,93.87
12,15,94.15
12,16,94.69
12,17,93.63
12,18,93.91
12,19,93.59
12,20,93.76
12,21,92.3
12,22,92.94
12,23,93.51
12,24,92.81
12,25,93.35
12,26,93.69
12,27,94.21
12,28,93.16
12,29,93.96
12,30,93.33
12,31,93.4
12,32,92.03999999999999
12,33,93.69
12,34,92.52
12,35,92.86
12,36,92.18
12,37,93.09
12,38,92.21
12,39,92.76
12,40,92.49
12,41,92.72
12,42,91.69
12,43,91.45
12,44,92.58
12,45,92.35
12,46,91.15
12,47,91.9
12,48,91.93
12,49,91.48
12,50,91.98
12,51,91.33
12,52,91.62
12,53,91.23
12,54,90.96000000000001
12,55,90.49
12,56,90.72
12,57,90.05
12,58,90.48
12,59,90.23
12,60,90.4
12,61,90.63
12,62,89.81
12,63,90.64
12,64,90.46000000000001
12,65,90.23
12,66,90.91
12,67,90.24
12,68,90.3
12,69,90.0
12,70,90.06
12,71,89.58
12,72,89.67
12,73,89.92
12,74,89.52
12,75,89.55
12,76,90.2
12,77,89.25
12,78,90.19
12,79,89.39
12,80,89.3
12,81,89.0
12,82,89.22
12,83,89.63
12,84,88.48
12,85,88.87
12,86,88.46
12,87,88.92
12,88,88.35
12,89,88.2
12,90,88.34
12,91,87.92
12,92,89.11
12,93,87.76
12,94,87.72
12,95,87.35
12,96,87.78999999999999
12,97,87.33
12,98,88.37
12,99,88.07
12,100,89.32
13,1,93.76
13,2,93.52
13,3,94.19
13,4,94.23
13,5,94.26
13,6,93.39
13,7,93.77
13,8,94.2
13,9,93.36
13,10,93.82
13,11,93.53
13,12,92.89
13,13,93.06
13,14,93.41
13,15,92.98
13,16,93.72
13,17,93.4
13,18,93.26
13,19,93.09
13,20,93.24
13,21,92.72
13,22,93.34
13,23,92.98
13,24,93.97
13,25,93.61
13,26,93.45
13,27,93.18
13,28,93.23
13,29,92.42
13,30,93.42
13,31,93.09
13,32,93.34
13,33,92.9
13,34,92.97
13,35,92.81
13,36,92.89
13,37,92.99
13,38,93.28
13,39,92.0
13,40,92.87
13,41,92.35
13,42,92.21
13,43,92.28
13,44,91.51
13,45,91.43
13,46,91.45
13,47,90.63
13,48,91.67
13,49,90.51
13,50,91.45
13,51,91.14
13,52,90.4
13,53,90.47
13,54,90.99
13,55,90.57
13,56,91.13
13,57,90.78999999999999
13,58,89.93
13,59,90.06
13,60,89.61
13,61,90.49
13,62,90.52
13,63,89.98
13,64,90.42
13,65,90.25
13,66,89.71
13,67,90.01
13,68,89.25
13,69,89.65
13,70,89.82
13,71,89.99
13,72,89.64
13,73,88.88
13,74,89.61
13,75,88.86
13,76,88.49
13,77,89.22
13,78,89.63
13,79,88.78999999999999
13,80,88.77
13,81,89.25
13,82,88.85
13,83,88.78
13,84,89.27
13,85,88.18
13,86,87.87
13,87,88.27
13,88,88.05
13,89,87.28
13,90,88.51
13,91,88.46
13,92,88.1
13,93,87.88
13,94,87.14
13,95,87.43
13,96,87.48
13,97,87.72
13,98,87.58
13,99,87.19
13,100,87.53
14,1,93.04
14,2,94.0
14,3,93.51
14,4,93.89
14,5,93.43
14,6,93.81
14,7,92.99
14,8,93.13
14,9,93.62
14,10,93.55
14,11,93.77
14,12,92.98
14,13,93.41
14,14,93.18
14,15,93.67
14,16,92.6
14,17,93.49
14,18,93.32
14,19,93.05
14,20,93.91
14,21,93.83
14,22,93.14
14,23,93.18
14,24,92.72
14,25,93.05
14,26,93.07
14,27,92.31
14,28,93.3
14,29,93.33
14,30,93.46
14,31,93.53999999999999
14,32,93.6
14,33,92.13
14,34,92.37
14,35,93.01
14,36,92.71
14,37,93.26
14,38,92.33
14,39,92.75
14,40,92.93
14,41,91.53
14,42,91.62
14,43,92.36
14,44,91.07
14,45,91.35
14,46,91.95
14,47,91.57
14,48,91.56
14,49,90.95
14,50,91.33
14,51,90.71000000000001
14,52,90.84
14,53,90.65
14,54,90.18
14,55,90.66
14,56,90.34
14,57,90.34
14,58,90.67
14,59,90.18
14,60,90.97
14,61,89.64
14,62,90.07
14,63,89.79
14,64,90.73
14,65,90.68
14,66,89.5
14,67,89.59
14,68,89.64
14,69,89.59
14,70,88.85
14,71,89.79
14,72,90.23
14,73,89.77
14,74,89.43
14,75,89.52
14,76,89.39
14,77,89.22
14,78,88.99
14,79,88.28
14,80,88.32
14,81,88.44
14,82,88.65
14,83,88.63
14,84,88.82
14,85,87.91
14,86,88.71000000000001
14,87,88.12
14,88,88.69
14,89,87.69
14,90,87.58
14,91,88.32
14,92,87.32
14,93,87.53999999999999
14,94,87.63
14,95,87.96000000000001
14,96,87.38
14,97,87.25999999999999
14,98,87.34
14,99,86.51
14,100,87.55
15,1,94.07
15,2,92.81
15,3,93.34
15,4,92.78
15,5,92.19
15,6,92.89
15,7,93.68
15,8,92.5
15,9,92.85
15,10,93.31
15,11,92.01
15,12,93.1
15,13,92.42
15,14,93.03
15,15,92.56
15,16,92.92
15,17,92.39
15,18,92.66
15,19,93.23
15,20,92.69
15,21,92.17
15,22,92.85
15,23,93.55
15,24,92.36
15,25,93.05
15,26,92.42
15,27,92.9
15,28,93.02
15,29,93.48
15,30,93.2
15,31,92.13
15,32,92.6
15,33,92.73
15,34,92.5
15,35,92.92
15,36,92.54
15,37,92.25
15,38,91.94
15,39,92.33
15,40,91.51
15,41,91.93
15,42,92.22
15,43,92.01
15,44,92.35
15,45,91.04
15,46,90.73
15,47,91.8
15,48,90.78
15,49,90.81
15,50,91.22
15,51,90.63
15,52,90.92
15,53,89.97
15,54,90.8
15,55,90.77
15,56,90.9
15,57,90.77
15,58,90.39
15,59,90.42
15,60,90.11
15,61,89.96
15,62,90.02
15,63,89.68
15,64,90.09
15,65,89.78
15,66,90.39
15,67,89.91
15,68,90.03
15,69,89.35
15,70,89.63
15,71,90.01
15,72,89.11
15,73,88.54
15,74,89.1
15,75,88.31
15,76,88.98
15,77,88.87
15,78,88.66
15,79,88.27
15,80,88.85
15,81,88.13
15,82,88.52
15,83,88.61
15,84,88.42
15,85,87.06
15,86,87.53
15,87,88.06
15,88,87.7
15,89,87.41
15,90,87.53
15,91,87.13
15,92,87.25
15,93,87.49000000000001
15,94,87.2
15,95,87.52
15,96,87.15
15,97,87.53999999999999
15,98,87.67
15,99,87.39
15,100,88.3
16,1,93.16
16,2,93.25
16,3,93.55
16,4,93.0
16,5,93.02
16,6,93.48
16,7,93.18
16,8,92.99
16,9,92.91
16,10,93.03
16,11,92.47
16,12,92.53
16,13,93.04
16,14,92.54
16,15,92.38
16,16,92.72
16,17,92.45
16,18,92.98
16,19,92.24
16,20,92.83
16,21,92.0
16,22,92.8
16,23,92.81
16,24,92.59
16,25,93.14
16,26,93.03
16,27,92.98
16,28,92.89
16,29,92.19
16,30,93.14
16,31,93.14
16,32,92.01
16,33,91.89
16,34,93.13
16,35,92.73
16,36,92.53
16,37,92.76
16,38,91.94
16,39,91.36
16,40,92.44
16,41,91.9
16,42,90.68
16,43,91.44
16,44,91.43
16,45,91.43
16,46,91.56
16,47,89.98
16,48,90.1
16,49,90.92
16,50,90.91
16,51,90.18
16,52,90.39
16,53,89.99
16,54,89.93
16,55,89.71
16,56,90.8
16,57,90.19
16,58,89.64
16,59,89.79
16,60,90.23
16,61,89.08
16,62,89.94
16,63,89.62
16,64,89.86
16,65,89.87
16,66,89.62
16,67,89.57
16,68,89.93
16,69,89.26
16,70,89.07
16,71,89.57
16,72,89.73
16,73,88.88
16,74,88.83
16,75,89.01
16,76,89.03
16,77,88.52
16,78,87.4
16,79,88.27
16,80,88.19
16,81,88.27
16,82,88.1
16,83,88.02
16,84,87.8
16,85,87.22
16,86,88.23
16,87,87.35
16,88,87.44
16,89,87.11
16,90,87.09
16,91,86.33
16,92,87.46
16,93,87.12
16,94,86.69
16,95,86.93
16,96,87.29
16,97,86.76
16,98,86.98
16,99,86.02
16,100,86.27
17,1,93.44
17,2,93.14
17,3,92.83
17,4,92.74
17,5,93.1
17,6,93.15
17,7,92.71
17,8,92.41
17,9,92.78
17,10,92.23
17,11,91.99
17,12,92.73
17,13,92.42
17,14,92.91
17,15,92.8
17,16,92.41
17,17,91.53
17,18,92.21
17,19,92.19
17,20,92.71
17,21,92.92
17,22,92.46000000000001
17,23,92.58
17,24,92.12
17,25,91.72
17,26,93.02
17,27,92.41
17,28,92.12
17,29,92.66
17,30,92.43
17,31,92.97
17,32,92.47
17,33,92.67
17,34,92.07
17,35,92.28
17,36,91.8
17,37,92.47
17,38,91.73
17,39,91.56
17,40,91.6
17,41,91.66
17,42,91.93
17,43,91.9
17,44,90.94
17,45,90.84
17,46,90.93
17,47,91.0
17,48,90.62
17,49,90.87
17,50,91.34
17,51,90.22
17,52,90.17
17,53,90.72
17,54,90.08
17,55,89.96
17,56,89.9
17,57,90.27
17,58,90.34
17,59,90.08
17,60,89.67
17,61,89.68
17,62,90.06
17,63,90.14
17,64,89.97
17,65,89.81
17,66,89.13
17,67,89.9
17,68,88.48
17,69,89.43
17,70,89.39
17,71,89.14
17,72,89.34
17,73,89.46000000000001
17,74,89.1
17,75,88.66
17,76,88.74
17,77,88.03
17,78,87.98
17,79,88.32
17,80,87.59
17,81,87.71000000000001
17,82,88.02
17,83,88.22
17,84,87.66
17,85,87.36
17,86,87.44
17,87,87.4
17,88,86.86
17,89,87.86
17,90,87.32
17,91,87.64
17,92,86.98
17,93,87.31
17,94,87.4
17,95,85.94
17,96,86.03
17,97,85.86
17,98,86.91
17,99,86.19
17,100,86.18
18,1,91.91
18,2,91.92
18,3,92.97
18,4,93.01
18,5,91.18
18,6,92.45
18,7,91.48
18,8,92.13
18,9,92.15
18,10,91.9
18,11,91.87
18,12,92.6
18,13,91.5
18,14,92.09
18,15,91.9
18,16,91.91
18,17,92.01
18,18,92.15
18,19,92.48
18,20,92.15
18,21,91.78999999999999
18,22,92.64
18,23,92.67
18,24,91.9
18,25,92.61
18,26,91.94
18,27,92.18
18,28,91.92
18,29,92.53
18,30,90.66
18,31,91.82
18,32,91.97
18,33,91.38
18,34,92.48
18,35,91.14
18,36,91.98
18,37,91.33
18,38,91.62
18,39,91.36
18,40,92.01
18,41,90.78
18,42,91.41
18,43,91.25
18,44,90.85
18,45,90.84
18,46,90.34
18,47,89.87
18,48,90.27
18,49,91.03
18,50,90.12
18,51,90.65
18,52,90.52
18,53,90.23
18,54,90.07
18,55,89.88
18,56,90.51
18,57,89.26
18,58,90.46000000000001
18,59,90.24
18,60,89.25
18,61,89.95
18,62,89.79
18,63,90.09
18,64,89.36
18,65,89.38
18,66,88.92
18,67,88.97
18,68,88.46
18,69,89.71
18,70,88.96000000000001
18,71,88.75
18,72,88.21
18,73,89.28
18,74,88.23
18,75,88.07
18,76,87.98
18,77,87.9
18,78,88.26
18,79,88.71000000000001
18,80,88.75
18,81,87.97
18,82,88.61
18,83,87.49000000000001
18,84,87.1
18,85,87.29
18,86,87.56
18,87,87.16
18,88,87.07
18,89,87.91
18,90,87.25
18,91,86.34
18,92,86.61
18,93,87.17
18,94,86.44
18,95,86.25
18,96,86.63
18,97,86.15
18,98,86.15
18,99,86.3
18,100,86.6
19,1,92.78
19,2,92.3
19,3,92.6
19,4,92.18
19,5,92.41
19,6,91.76
19,7,91.41
19,8,91.69
19,9,91.82
19,10,91.81
19,11,91.73
19,12,92.53
19,13,91.55
19,14,91.62
19,15,91.91
19,16,92.05
19,17,91.89
19,18,91.77
19,19,92.16
19,20,92.29
19,21,91.26
19,22,92.23
19,23,92.4
19,24,92.15
19,25,91.78
19,26,92.09
19,27,91.46
19,28,92.6
19,29,91.49
19,30,91.83
19,31,92.32
19,32,91.85
19,33,91.47
19,34,91.13
19,35,91.4
19,36,91.78999999999999
19,37,91.25
19,38,91.41
19,39,91.36
19,40,90.71000000000001
19,41,91.36
19,42,90.14
19,43,90.99
19,44,90.85
19,45,90.18
19,46,90.61
19,47,89.77
19,48,89.91
19,49,90.44
19,50,89.81
19,51,89.51
19,52,90.19
19,53,89.98
19,54,89.55
19,55,89.25
19,56,89.79
19,57,89.06
19,58,89.18
19,59,89.06
19,60,88.61
19,61,89.28
19,62,89.95
19,63,88.59
19,64,89.42
19,65,88.88
19,66,88.72
19,67,88.45
19,68,88.51
19,69,88.28
19,70,88.53
19,71,89.18
19,72,88.94
19,73,87.94
19,74,88.3
19,75,88.04
19,76,88.74
19,77,87.58
19,78,87.7
19,79,87.48
19,80,87.21
19,81,87.72
19,82,87.39
19,83,87.29
19,84,87.38
19,85,87.18
19,86,86.55
19,87,87.07
19,88,87.34
19,89,86.67999999999999
19,90,87.31
19,91,87.5
19,92,86.69
19,93,87.53999999999999
19,94,86.69
19,95,86.1
19,96,86.06
19,97,86.55
19,98,86.92
19,99,85.83
19,100,85.5
20,1,92.34
20,2,92.56
20,3,91.87
20,4,91.86
20,5,92.08
20,6,91.1
20,7,91.4
20,8,91.59
20,9,91.67
20,10,91.31
20,11,90.89
20,12,91.9
20,13,91.29
20,14,91.05
20,15,91.13
20,16,91.7
20,17,91.9
20,18,91.06
20,19,91.71
20,20,91.11
20,21,92.28
20,22,90.43
20,23,91.47
20,24,91.89
20,25,92.41
20,26,90.91
20,27,91.01
20,28,92.27
20,29,91.44
20,30,92.37
20,31,91.61
20,32,91.44
20,33,91.29
20,34,90.91
20,35,91.2
20,36,91.03
20,37,91.5
20,38,91.58
20,39,90.69
20,40,91.13
20,41,90.2
20,42,90.97
20,43,89.62
20,44,90.37
20,45,90.73
20,46,90.53999999999999
20,47,90.12
20,48,90.08
20,49,89.46000000000001
20,50,89.67
20,51,89.97
20,52,89.69
20,53,89.79
20,54,88.96000000000001
20,55,89.83
20,56,89.09
20,57,89.28999999999999
20,58,89.83
20,59,89.27
20,60,88.85
20,61,89.08
20,62,89.15
20,63,88.56
20,64,88.89
20,65,88.44
20,66,88.8
20,67,89.24
20,68,88.7
20,69,88.73
20,70,87.6
20,71,88.39
20,72,87.91
20,73,88.28
20,74,87.4
20,75,87.68
20,76,88.49
20,77,87.88
20,78,87.94
20,79,87.42
20,80,87.07
20,81,87.34
20,82,87.65
20,83,87.14
20,84,87.75
20,85,86.55
20,86,86.86
20,87,86.38
20,88,86.92
20,89,86.39
20,90,86.7
20,91,86.11
20,92,86.28
20,93,86.71000000000001
20,94,86.67999999999999
20,95,86.28
20,96,86.32
20,97,86.22
20,98,86.08
20,99,85.73
20,100,85.64
21,1,92.16
21,2,92.13
21,3,91.75
21,4,91.19
21,5,90.55
21,6,91.46
21,7,91.71
21,8,90.74
21,9,91.73
21,10,90.99
21,11,90.85
21,12,91.35
21,13,92.17
21,14,90.78
21,15,91.21
21,16,91.68
21,17,91.46
21,18,91.53
21,19,91.12
21,20,91.91
21,21,91.61
21,22,91.48
21,23,92.34
21,24,91.38
21,25,91.37
21,26,90.83
21,27,91.86
21,28,92.01
21,29,92.14
21,30,92.1
21,31,90.86
21,32,91.45
21,33,91.53
21,34,91.73
21,35,90.63
21,36,91.5
21,37,90.33
21,38,90.48
21,39,90.28
21,40,90.25
21,41,89.85
21,42,90.39
21,43,90.44
21,44,89.75
21,45,89.6
21,46,89.57
21,47,89.51
21,48,90.11
21,49,89.91
21,50,90.12
21,51,89.96
21,52,89.65
21,53,89.06
21,54,89.84
21,55,89.19
21,56,89.66
21,57,89.18
21,58,89.58
21,59,89.08
21,60,89.37
21,61,89.91
21,62,88.89
21,63,89.23
21,64,89.26
21,65,88.57
21,66,88.1
21,67,88.17
21,68,88.51
21,69,87.7
21,70,88.58
21,71,88.02
21,72,87.23
21,73,87.56
21,74,88.62
21,75,86.82
21,76,88.27
21,77,87.8
21,78,87.67
21,79,87.68
21,80,87.58
21,81,86.95
21,82,86.31
21,83,86.72
21,84,86.43
21,85,87.01
21,86,87.21
21,87,86.43
21,88,86.94
21,89,87.21
21,90,85.94
21,91,86.0
21,92,86.76
21,93,86.83
21,94,86.76
21,95,85.68
21,96,86.3
21,97,85.88
21,98,85.57
21,99,86.01
21,100,85.87
22,1,91.14
22,2,91.53
22,3,91.44
22,4,91.13
22,5,91.58
22,6,90.93
22,7,90.65
22,8,91.08
22,9,91.76
22,10,91.18
22,11,90.96000000000001
22,12,90.81
22,13,90.57
22,14,89.99
22,15,90.73
22,16,90.6
22,17,91.22
22,18,91.34
22,19,90.56
22,20,90.82
22,21,90.99
22,22,90.48
22,23,91.25
22,24,90.87
22,25,91.1
22,26,90.78
22,27,91.47
22,28,91.29
22,29,90.78
22,30,91.03
22,31,90.32
22,32,90.6
22,33,91.05
22,34,90.28
22,35,90.88
22,36,91.14
22,37,90.76
22,38,90.28999999999999
22,39,90.37
22,40,90.84
22,41,90.93
22,42,90.14
22,43,89.56
22,44,89.84
22,45,89.69
22,46,89.86
22,47,89.98
22,48,88.68
22,49,89.95
22,50,89.62
22,51,89.03
22,52,89.22
22,53,88.78
22,54,89.2
22,55,89.3
22,56,89.7
22,57,89.69
22,58,88.92
22,59,89.64
22,60,89.3
22,61,88.83
22,62,89.21000000000001
22,63,88.4
22,64,88.37
22,65,87.8
22,66,87.83
22,67,88.52
22,68,88.04
22,69,88.59
22,70,88.28
22,71,87.52
22,72,87.66
22,73,86.6
22,74,88.02
22,75,87.2
22,76,87.45
22,77,87.03
22,78,87.04
22,79,87.09
22,80,86.66
22,81,85.98
22,82,86.19
22,83,86.71000000000001
22,84,87.7
22,85,85.98
22,86,86.33
22,87,87.35
22,88,86.37
22,89,86.46000000000001
22,90,86.31
22,91,85.87
22,92,86.61
22,93,86.16
22,94,86.11
22,95,85.61
22,96,85.96000000000001
22,97,86.13
22,98,85.91
22,99,86.22
22,100,85.45
23,1,91.22
23,2,91.43
23,3,91.7
23,4,91.36
23,5,90.69
23,6,90.9
23,7,90.28
23,8,90.45
23,9,90.31
23,10,90.53999999999999
23,11,91.13
23,12,90.7
23,13,90.02
23,14,91.13
23,15,90.76
23,16,91.02
23,17,90.97
23,18,91.49
23,19,90.65
23,20,90.68
23,21,90.53
23,22,90.72
23,23,90.95
23,24,90.97
23,25,90.38
23,26,91.4
23,27,90.63
23,28,90.63
23,29,90.78
23,30,90.51
23,31,90.58
23,32,90.02
23,33,90.47
23,34,90.55
23,35,90.63
23,36,91.14
23,37,90.5
23,38,90.04
23,39,90.12
23,40,90.84
23,41,90.11
23,42,90.2
23,43,89.86
23,44,89.88
23,45,89.78
23,46,90.14
23,47,89.28999999999999
23,48,89.78
23,49,89.22
23,50,89.56
23,51,89.46000000000001
23,52,90.04
23,53,89.8
23,54,89.44
23,55,89.7
23,56,89.48
23,57,88.57
23,58,89.17
23,59,88.0
23,60,88.7
23,61,88.75
23,62,88.77
23,63,88.41
23,64,87.85
23,65,88.02
23,66,88.25
23,67,88.2
23,68,87.27
23,69,88.21
23,70,87.99
23,71,87.75
23,72,87.78999999999999
23,73,87.1
23,74,88.15
23,75,87.33
23,76,87.56
23,77,86.55
23,78,87.1
23,79,86.61
23,80,86.96000000000001
23,81,87.49000000000001
23,82,86.79
23,83,86.84
23,84,86.2
23,85,86.1
23,86,87.11
23,87,86.32
23,88,85.08
23,89,85.74
23,90,86.11
23,91,85.19
23,92,85.45
23,93,85.4
23,94,85.7
23,95,85.59
23,96,85.11
23,97,85.74
23,98,85.09
23,99,84.97
23,100,84.81
24,1,90.78
24,2,91.15
24,3,91.38
24,4,90.93
24,5,91.16
24,6,90.23
24,7,90.61
24,8,90.1
24,9,90.65
24,10,90.96000000000001
24,11,90.51
24,12,89.94
24,13,90.45
24,14,91.7
24,15,90.09
24,16,90.88
24,17,91.13
24,18,89.93
24,19,90.47
24,20,91.1
24,21,90.32
24,22,90.68
24,23,91.19
24,24,91.41
24,25,91.44
24,26,90.92
24,27,91.01
24,28,90.44
24,29,90.35
24,30,91.51
24,31,90.49
24,32,90.6
24,33,90.12
24,34,90.09
24,35,90.13
24,36,90.88
24,37,89.85
24,38,89.33
24,39,90.12
24,40,89.49
24,41,89.79
24,42,89.38
24,43,89.9
24,44,89.84
24,45,90.06
24,46,88.85
24,47,89.5
24,48,89.78
24,49,88.99
24,50,88.93
24,51,88.38
24,52,88.58
24,53,89.5
24,54,88.78999999999999
24,55,89.63
24,56,89.03999999999999
24,57,88.74
24,58,88.97
24,59,88.58
24,60,88.59
24,61,87.76
24,62,88.33
24,63,87.63
24,64,87.91
24,65,88.81
24,66,87.66
24,67,88.21
24,68,87.25999999999999
24,69,88.41
24,70,87.33
24,71,87.07
24,72,88.2
24,73,87.63
24,74,86.71000000000001
24,75,87.16
24,76,87.41
24,77,87.08
24,78,86.52
24,79,86.52
24,80,86.19
24,81,85.32
24,82,86.45
24,83,85.51
24,84,86.08
24,85,86.1
24,86,85.83
24,87,87.06
24,88,85.49
24,89,85.88
24,90,85.77
24,91,86.39
24,92,85.3
24,93,86.03
24,94,85.33
24,95,85.75
24,96,84.62
24,97,85.94
24,98,84.21
24,99,84.78
24,100,85.62
25,1,90.81
25,2,90.98
25,3,90.5
25,4,90.26
25,5,91.17
25,6,89.81
25,7,90.56
25,8,90.4
25,9,89.67
25,10,89.83
25,11,90.38
25,12,89.03999999999999
25,13,90.62
25,14,90.38
25,15,90.17
25,16,90.52
25,17,90.19
25,18,89.27
25,19,90.08
25,20,89.97
25,21,90.55
25,22,90.72
25,23,90.26
25,24,90.37
25,25,90.33
25,26,90.28999999999999
25,27,90.28
25,28,90.69
25,29,90.63
25,30,90.88
25,31,89.8
25,32,90.39
25,33,90.5
25,34,89.49
25,35,90.25
25,36,89.66
25,37,89.9
25,38,90.09
25,39,90.04
25,40,89.82
25,41,89.4
25,42,89.53
25,43,90.0
25,44,88.58
25,45,89.17
25,46,88.91
25,47,88.99
25,48,89.3
25,49,88.1
25,50,88.97
25,51,90.09
25,52,89.22
25,53,88.76
25,54,89.19
25,55,89.81
25,56,88.99
25,57,88.74
25,58,88.59
25,59,88.48
25,60,88.06
25,61,88.03
25,62,88.83
25,63,88.06
25,64,88.68
25,65,87.66
25,66,87.27
25,67,87.82
25,68,88.01
25,69,87.91
25,70,86.88
25,71,87.15
25,72,87.21
25,73,87.99
25,74,87.62
25,75,87.25999999999999
25,76,86.86
25,77,87.04
25,78,87.11
25,79,87.11
25,80,86.61
25,81,86.79
25,82,85.96000000000001
25,83,86.03999999999999
25,84,85.94
25,85,85.69
25,86,86.87
25,87,86.02
25,88,86.01
25,89,85.38
25,90,85.82
25,91,86.5
25,92,85.27
25,93,85.47
25,94,85.69
25,95,86.15
25,96,84.84
25,97,85.99
25,98,84.89
25,99,85.6
25,100,85.9
26,1,90.09
26,2,90.65
26,3,90.93
26,4,89.57
26,5,90.89
26,6,89.9
26,7,90.07
26,8,89.76
26,9,89.22
26,10,89.7
26,11,89.66
26,12,89.91
26,13,89.89
26,14,90.58
26,15,90.83
26,16,90.17
26,17,90.16
26,18,90.13
26,19,90.23
26,20,89.96
26,21,89.83
26,22,89.26
26,23,89.93
26,24,90.37
26,25,89.92
26,26,91.01
26,27,91.21
26,28,89.94
26,29,91.16
26,30,90.27
26,31,90.57
26,32,89.25
26,33,90.28
26,34,90.43
26,35,90.48
26,36,89.52
26,37,89.8
26,38,90.15
26,39,90.01
26,40,89.35
26,41,89.16
26,42,89.8
26,43,89.52
26,44,89.79
26,45,89.12
26,46,89.34
26,47,89.09
26,48,89.05
26,49,89.03999999999999
26,50,89.01
26,51,88.81
26,52,89.36
26,53,88.1
26,54,88.48
26,55,88.66
26,56,88.32
26,57,88.92
26,58,88.08
26,59,88.3
26,60,88.54
26,61,88.29
26,62,88.47
26,63,88.19
26,64,87.65
26,65,87.92
26,66,87.17
26,67,87.56
26,68,87.2
26,69,87.14
26,70,86.94
26,71,87.52
26,72,87.25
26,73,86.48
26,74,86.72
26,75,86.59
26,76,86.73
26,77,87.2
26,78,86.88
26,79,86.91
26,80,85.26
26,81,86.28999999999999
26,82,85.42
26,83,86.18
26,84,86.4
26,85,85.52
26,86,86.12
26,87,85.27
26,88,85.78999999999999
26,89,85.64
26,90,85.93
26,91,85.3
26,92,85.03
26,93,84.3
26,94,85.15
26,95,85.09
26,96,84.72
26,97,85.59
26,98,84.72
26,99,85.02
26,100,84.73
27,1,90.9
27,2,89.84
27,3,90.16
27,4,89.87
27,5,90.08
27,6,89.95
27,7,89.99
27,8,89.69
27,9,89.83
27,10,90.17
27,11,89.52
27,12,89.67
27,13,88.78999999999999
27,14,89.47
27,15,90.37
27,16,89.79
27,17,90.33
27,18,89.5
27,19,89.03999999999999
27,20,89.89
27,21,89.49
27,22,90.08
27,23,89.74
27,24,90.09
27,25,89.31
27,26,90.24
27,27,90.05
27,28,89.56
27,29,90.17
27,30,89.52
27,31,90.75
27,32,90.51
27,33,90.01
27,34,89.11
27,35,89.71
27,36,89.95
27,37,89.0
27,38,89.33
27,39,89.08
27,40,88.53
27,41,89.26
27,42,89.57
27,43,89.56
27,44,88.38
27,45,89.08
27,46,89.2
27,47,89.62
27,48,89.34
27,49,88.78
27,50,89.48
27,51,88.61
27,52,89.12
27,53,89.22
27,54,89.45
27,55,88.13
27,56,88.7
27,57,88.48
27,58,87.91
27,59,88.47
27,60,87.8
27,61,87.9
27,62,88.27
27,63,89.24
27,64,88.17
27,65,87.59
27,66,88.14
27,67,86.89
27,68,87.51
27,69,86.67
27,70,87.83
27,71,86.14
27,72,86.65
27,73,86.92
27,74,86.81
27,75,86.67999999999999
27,76,86.02
27,77,86.57
27,78,85.87
27,79,86.12
27,80,85.83
27,81,85.78999999999999
27,82,85.06
27,83,85.48
27,84,85.74
27,85,86.16
27,86,85.06
27,87,85.66
27,88,85.1
27,89,86.21000000000001
27,90,84.82
27,91,85.58
27,92,85.47
27,93,85.12
27,94,84.56
27,95,85.49
27,96,84.76
27,97,85.37
27,98,84.61
27,99,84.49000000000001
27,100,84.86
28,1,90.34
28,2,90.14
28,3,90.8
28,4,90.02
28,5,90.32
28,6,89.27
28,7,89.65
28,8,89.38
28,9,90.14
28,10,89.27
28,11,89.45
28,12,89.41
28,13,89.77
28,14,89.49
28,15,89.98
28,16,90.21
28,17,90.64
28,18,89.53
28,19,89.68
28,20,89.62
28,21,89.83
28,22,89.3
28,23,90.02
28,24,90.34
28,25,89.35
28,26,90.14
28,27,89.02
28,28,89.47
28,29,89.56
28,30,89.55
28,31,89.92
28,32,89.85
28,33,90.3
28,34,89.19
28,35,89.24
28,36,89.57
28,37,89.13
28,38,89.07
28,39,89.03
28,40,89.43
28,41,88.75
28,42,89.51
28,43,88.91
28,44,89.28
28,45,89.15
28,46,89.01
28,47,89.16
28,48,88.86
28,49,88.32
28,50,88.44
28,51,88.46
28,52,88.54
28,53,89.5
28,54,87.47
28,55,88.37
28,56,88.09
28,57,87.85
28,58,88.38
28,59,87.86
28,60,87.53999999999999
28,61,88.04
28,62,87.84
28,63,87.68
28,64,87.55
28,65,87.4
28,66,87.45
28,67,87.0
28,68,87.49000000000001
28,69,87.62
28,70,86.75
28,71,86.53
28,72,86.72
28,73,86.78
28,74,87.33
28,75,86.1
28,76,86.18
28,77,85.92
28,78,86.03999999999999
28,79,86.52
28,80,85.46
28,81,86.19
28,82,85.01
28,83,85.25
28,84,86.34
28,85,85.47
28,86,84.88
28,87,84.93
28,88,84.93
28,89,85.65
28,90,84.73
28,91,84.71
28,92,85.48
28,93,85.14
28,94,85.97
28,95,84.59
28,96,84.77
28,97,85.47
28,98,84.84
28,99,84.42
28,100,84.23
29,1,89.02
29,2,89.78
29,3,89.71
29,4,88.93
29,5,89.22
29,6,88.68
29,7,89.02
29,8,89.34
29,9,89.31
29,10,89.44
29,11,89.55
29,12,89.77
29,13,89.54
29,14,89.46000000000001
29,15,90.62
29,16,90.01
29,17,89.52
29,18,90.11
29,19,90.37
29,20,88.92
29,21,89.43
29,22,89.61
29,23,89.55
29,24,89.3
29,25,90.28999999999999
29,26,90.07
29,27,90.25
29,28,89.34
29,29,89.43
29,30,89.42
29,31,89.63
29,32,89.87
29,33,90.0
29,34,89.38
29,35,90.02
29,36,88.86
29,37,89.38
29,38,88.85
29,39,89.11
29,40,89.2
29,41,89.72
29,42,89.46000000000001
29,43,88.77
29,44,88.49
29,45,88.92
29,46,88.52
29,47,89.86
29,48,88.7
29,49,88.52
29,50,88.76
29,51,88.11
29,52,89.33
29,53,88.29
29,54,88.52
29,55,88.49
29,56,88.0
29,57,88.3
29,58,87.9
29,59,87.41
29,60,88.21
29,61,88.01
29,62,88.03
29,63,87.21
29,64,87.94
29,65,86.93
29,66,87.87
29,67,86.41
29,68,86.75
29,69,87.05
29,70,86.97
29,71,86.83
29,72,86.31
29,73,86.47
29,74,86.84
29,75,86.06
29,76,86.03999999999999
29,77,86.25
29,78,85.1
29,79,85.76
29,80,85.78
29,81,85.62
29,82,85.65
29,83,86.28999999999999
29,84,85.06
29,85,85.4
29,86,84.85
29,87,86.2
29,88,85.62
29,89,85.8
29,90,84.91
29,91,85.13
29,92,83.93
29,93,84.86
29,94,84.65
29,95,85.3
29,96,85.03999999999999
29,97,84.63
29,98,84.32
29,99,84.73
29,100,83.85
30,1,90.39
30,2,90.03
30,3,89.73
30,4,89.41
30,5,89.02
30,6,89.01
30,7,89.46000000000001
30,8,89.02
30,9,89.24
30,10,89.32
30,11,89.48
30,12,89.41
30,13,88.72
30,14,89.49
30,15,88.94
30,16,89.06
30,17,89.37
30,18,89.26
30,19,88.2
30,20,89.32
30,21,89.22
30,22,88.8
30,23,88.24
30,24,89.38
30,25,89.72
30,26,89.03999999999999
30,27,89.42
30,28,89.36
30,29,89.93
30,30,90.05
30,31,88.94
30,32,89.33
30,33,89.25
30,34,89.38
30,35,89.42
30,36,89.35
30,37,88.99
30,38,89.16
30,39,88.94
30,40,88.69
30,41,89.11
30,42,89.27
30,43,88.5
30,44,88.12
30,45,89.17
30,46,88.54
30,47,89.2
30,48,88.29
30,49,88.03
30,50,89.78
30,51,88.52
30,52,88.07
30,53,89.28999999999999
30,54,88.08
30,55,88.31
30,56,87.67
30,57,88.05
30,58,87.93
30,59,86.87
30,60,87.55
30,61,87.33
30,62,87.46
30,63,87.47
30,64,87.59
30,65,87.1
30,66,87.21
30,67,86.87
30,68,87.06
30,69,86.63
30,70,86.67999999999999
30,71,86.73
30,72,86.26
30,73,86.71000000000001
30,74,86.02
30,75,86.12
30,76,85.76
30,77,85.3
30,78,85.78
30,79,86.33
30,80,86.52
30,81,85.94
30,82,85.01
30,83,86.01
30,84,84.64
30,85,85.43
30,86,85.22
30,87,85.1
30,88,84.8
30,89,84.69
30,90,85.28
30,91,84.47
30,92,85.13
30,93,84.32
30,94,85.32
30,95,85.42
30,96,84.07
30,97,84.71
30,98,83.38
30,99,84.44
30,100,84.68
31,1,89.67
31,2,89.41
31,3,88.2
31,4,88.19
31,5,88.42
31,6,89.16
31,7,89.01
31,8,89.28999999999999
31,9,88.9
31,10,89.12
31,11,88.73
31,12,88.87
31,13,88.73
31,14,89.14
31,15,88.51
31,16,88.86
31,17,89.47
31,18,88.92
31,19,89.11
31,20,88.44
31,21,89.15
31,22,89.34
31,23,89.58
31,24,89.93
31,25,89.36
31,26,88.97
31,27,88.75
31,28,88.85
31,29,89.64
31,30,89.46000000000001
31,31,88.92
31,32,88.62
31,33,89.9
31,34,89.21000000000001
31,35,89.28
31,36,89.09
31,37,88.84
31,38,89.18
31,39,88.76
31,40,88.38
31,41,88.48
31,42,88.95
31,43,89.21000000000001
31,44,88.87
31,45,88.61
31,46,89.28
31,47,88.87
31,48,88.39
31,49,88.65
31,50,87.9
31,51,87.97
31,52,88.39
31,53,88.58
31,54,87.7
31,55,87.87
31,56,87.61
31,57,87.36
31,58,87.48
31,59,87.88
31,60,86.54
31,61,88.24
31,62,86.76
31,63,86.85
31,64,86.11
31,65,86.32
31,66,86.95
31,67,86.37
31,68,86.17
31,69,86.53
31,70,86.89
31,71,86.28999999999999
31,72,86.09
31,73,85.93
31,74,86.11
31,75,85.56
31,76,85.45
31,77,85.37
31,78,86.12
31,79,84.98
31,80,85.32
31,81,86.05
31,82,85.01
31,83,85.32
31,84,85.28999999999999
31,85,84.92
31,86,85.03
31,87,84.47
31,88,85.05
31,89,84.71
31,90,84.46
31,91,84.91
31,92,84.22
31,93,83.85
31,94,83.84
31,95,84.75
31,96,84.77
31,97,83.83
31,98,83.57
31,99,84.27
31,100,84.97
32,1,88.99
32,2,88.97
32,3,89.14
32,4,89.03999999999999
32,5,89.43
32,6,89.5
32,7,89.2
32,8,88.01
32,9,88.14
32,10,89.12
32,11,89.32
32,12,88.12
32,13,88.21
32,14,88.7
32,15,89.18
32,16,89.05
32,17,88.22
32,18,88.77
32,19,89.78
32,20,89.2
32,21,89.24
32,22,89.1
32,23,89.09
32,24,88.78999999999999
32,25,88.64
32,26,89.2
32,27,88.31
32,28,89.05
32,29,88.87
32,30,89.58
32,31,89.12
32,32,89.07
32,33,89.2
32,34,89.23
32,35,88.92
32,36,88.9
32,37,88.61
32,38,88.72
32,39,88.18
32,40,88.32
32,41,89.34
32,42,88.81
32,43,88.36
32,44,88.19
32,45,88.68
32,46,88.42
32,47,88.08
32,48,88.94
32,49,88.73
32,50,87.88
32,51,87.99
32,52,88.37
32,53,88.26
32,54,86.82
32,55,88.09
32,56,87.22
32,57,86.96000000000001
32,58,87.33
32,59,87.41
32,60,86.52
32,61,86.73
32,62,87.01
32,63,86.59
32,64,87.16
32,65,85.97
32,66,87.09
32,67,86.38
32,68,85.89
32,69,86.18
32,70,85.84
32,71,86.48
32,72,85.48
32,73,84.99
32,74,85.24
32,75,85.32
32,76,84.91
32,77,85.3
32,78,84.81
32,79,84.64
32,80,84.52
32,81,84.64
32,82,85.06
32,83,85.28
32,84,84.91
32,85,85.12
32,86,83.98
32,87,84.87
32,88,84.33
32,89,84.39
32,90,85.03999999999999
32,91,84.2
32,92,83.76
32,93,84.04
32,94,84.64
32,95,84.75
32,96,83.44
32,97,83.88
32,98,84.17
32,99,83.96000000000001
32,100,84.2
33,1,88.2
33,2,89.38
33,3,88.59
33,4,88.42
33,5,88.78
33,6,88.46
33,7,88.21
33,8,88.59
33,9,87.58
33,10,88.91
33,11,88.66
33,12,88.45
33,13,87.52
33,14,88.07
33,15,88.07
33,16,87.81
33,17,87.91
33,18,88.67
33,19,88.54
33,20,88.83
33,21,87.47
33,22,88.72
33,23,88.31
33,24,88.77
33,25,88.64
33,26,89.17
33,27,88.83
33,28,89.03
33,29,88.74
33,30,89.08
33,31,89.09
33,32,89.28
33,33,89.5
33,34,88.63
33,35,89.17
33,36,88.24
33,37,88.71000000000001
33,38,89.41
33,39,88.59
33,40,88.68
33,41,88.09
33,42,89.19
33,43,88.85
33,44,88.39
33,45,88.27
33,46,87.67
33,47,87.8
33,48,87.77
33,49,88.03
33,50,88.87
33,51,88.61
33,52,87.55
33,53,87.84
33,54,86.48
33,55,87.22
33,56,87.68
33,57,87.12
33,58,86.11
33,59,86.02
33,60,86.96000000000001
33,61,86.94
33,62,86.8
33,63,86.26
33,64,85.98
33,65,86.22
33,66,85.75
33,67,85.62
33,68,86.31
33,69,85.76
33,70,85.42
33,71,85.03999999999999
33,72,86.0
33,73,85.83
33,74,85.53999999999999
33,75,85.64
33,76,85.53999999999999
33,77,85.03999999999999
33,78,85.02
33,79,85.28999999999999
33,80,85.07
33,81,84.43
33,82,84.31
33,83,84.48
33,84,84.34
33,85,84.78
33,86,84.16
33,87,84.58
33,88,84.15
33,89,83.87
33,90,84.52
33,91,84.62
33,92,84.69
33,93,84.66
33,94,83.6
33,95,83.88
33,96,84.21
33,97,84.41
33,98,83.98
33,99,83.95
33,100,83.53999999999999
34,1,87.91
34,2,88.24
34,3,87.95
34,4,88.5
34,5,88.02
34,6,88.41
34,7,88.05
34,8,87.89
34,9,88.25
34,10,87.96000000000001
34,11,88.51
34,12,88.28
34,13,88.39
34,14,88.55
34,15,88.47
34,16,88.2
34,17,88.37
34,18,87.61
34,19,87.2
34,20,88.49
34,21,88.23
34,22,88.75
34,23,89.84
34,24,88.89
34,25,88.75
34,26,88.82
34,27,89.21000000000001
34,28,88.46
34,29,88.67
34,30,88.57
34,31,89.03
34,32,88.72
34,33,88.9
34,34,88.9
34,35,88.87
34,36,89.19
34,37,88.9
34,38,89.26
34,39,87.72
34,40,89.15
34,41,88.44
34,42,88.54
34,43,88.86
34,44,88.33
34,45,87.88
34,46,88.66
34,47,88.45
34,48,88.29
34,49,87.81
34,50,87.94
34,51,87.53
34,52,87.18
34,53,87.19
34,54,87.01
34,55,86.23
34,56,87.25999999999999
34,57,87.15
34,58,85.85
34,59,87.19
34,60,86.52
34,61,86.85
34,62,86.71000000000001
34,63,85.82
34,64,87.29
34,65,86.06
34,66,85.69
34,67,85.84
34,68,86.41
34,69,85.69
34,70,85.42
34,71,85.73
34,72,85.57
34,73,85.0
34,74,84.66
34,75,85.68
34,76,85.88
34,77,85.37
34,78,85.3
34,79,85.3
34,80,84.5
34,81,84.8
34,82,84.73
34,83,85.28999999999999
34,84,84.48
34,85,84.91
34,86,85.34
34,87,83.9
34,88,83.93
34,89,84.21
34,90,84.04
34,91,84.16
34,92,84.78
34,93,83.58
34,94,84.08
34,95,83.19
34,96,83.66
34,97,83.95
34,98,84.03
34,99,83.05
34,100,84.11
35,1,88.47
35,2,88.52
35,3,88.13
35,4,88.18
35,5,88.69
35,6,87.64
35,7,88.17
35,8,87.66
35,9,87.84
35,10,88.1
35,11,88.1
35,12,88.07
35,13,87.16
35,14,88.09
35,15,88.05
35,16,89.09
35,17,88.45
35,18,87.55
35,19,88.37
35,20,88.37
35,21,87.15
35,22,87.91
35,23,88.35
35,24,88.0
35,25,89.24
35,26,89.44
35,27,88.4
35,28,88.84
35,29,89.03999999999999
35,30,88.23
35,31,87.91
35,32,88.09
35,33,88.91
35,34,88.92
35,35,88.25
35,36,88.45
35,37,88.81
35,38,88.63
35,39,88.3
35,40,87.97
35,41,88.51
35,42,88.8
35,43,87.66
35,44,88.21
35,45,89.03999999999999
35,46,88.62
35,47,88.71000000000001
35,48,88.31
35,49,87.2
35,50,88.24
35,51,87.43
35,52,87.2
35,53,87.29
35,54,87.39
35,55,86.53
35,56,86.9
35,57,86.57
35,58,86.45
35,59,86.67999999999999
35,60,86.27
35,61,85.93
35,62,86.03999999999999
35,63,86.03
35,64,85.5
35,65,85.8
35,66,86.37
35,67,85.5
35,68,85.48
35,69,85.7
35,70,86.2
35,71,85.21
35,72,85.06
35,73,84.86
35,74,85.09
35,75,84.61
35,76,85.51
35,77,84.93
35,78,84.74
35,79,83.78
35,80,84.46
35,81,83.89
35,82,83.98
35,83,84.69
35,84,83.8
35,85,83.88
35,86,83.84
35,87,83.33
35,88,83.78
35,89,84.97
35,90,84.43
35,91,84.0
35,92,83.74000000000001
35,93,84.04
35,94,83.89
35,95,83.03
35,96,84.29
35,97,83.95
35,98,83.47
35,99,83.95
35,100,83.58
36,1,88.56
36,2,88.22
36,3,87.92
36,4,87.42
36,5,87.68
36,6,87.34
36,7,87.53
36,8,87.65
36,9,87.75
36,10,87.71000000000001
36,11,88.34
36,12,87.8
36,13,87.01
36,14,87.15
36,15,87.53
36,16,88.2
36,17,88.24
36,18,86.64
36,19,87.87
36,20,88.48
36,21,87.9
36,22,87.57
36,23,88.58
36,24,88.13
36,25,88.22
36,26,88.08
36,27,88.56
36,28,88.87
36,29,89.24
36,30,88.71000000000001
36,31,88.96000000000001
36,32,89.02
36,33,88.66
36,34,88.25
36,35,89.1
36,36,89.2
36,37,87.57
36,38,88.51
36,39,88.38
36,40,88.87
36,41,88.41
36,42,88.78999999999999
36,43,87.99
36,44,88.32
36,45,87.58
36,46,87.02
36,47,87.34
36,48,87.56
36,49,87.11
36,50,87.56
36,51,86.82
36,52,87.02
36,53,86.94
36,54,87.28
36,55,86.65
36,56,86.51
36,57,87.57
36,58,86.69
36,59,86.26
36,60,86.1
36,61,86.94
36,62,86.26
36,63,87.33
36,64,85.53999999999999
36,65,86.23
36,66,84.86
36,67,85.09
36,68,85.09
36,69,85.42
36,70,84.97
36,71,85.3
36,72,85.8
36,73,84.9
36,74,84.58
36,75,84.08
36,76,85.06
36,77,84.58
36,78,84.44
36,79,84.3
36,80,84.83
36,81,84.12
36,82,84.34
36,83,84.58
36,84,84.51
36,85,84.44
36,86,83.92
36,87,84.48
36,88,83.78
36,89,83.4
36,90,83.27
36,91,83.82
36,92,83.38
36,93,83.3
36,94,83.78999999999999
36,95,83.61
36,96,82.83
36,97,84.1
36,98,83.64
36,99,82.96000000000001
36,100,83.59
37,1,87.74
37,2,87.47
37,3,88.1
37,4,87.88
37,5,88.09
37,6,87.3
37,7,87.32
37,8,87.41
37,9,87.17
37,10,87.32
37,11,87.01
37,12,86.41
37,13,88.48
37,14,87.47
37,15,87.5
37,16,88.02
37,17,88.47
37,18,87.02
37,19,87.82
37,20,88.56
37,21,88.83
37,22,87.96000000000001
37,23,88.48
37,24,87.45
37,25,88.57
37,26,88.66
37,27,88.23
37,28,89.22
37,29,88.06
37,30,89.03999999999999
37,31,88.89
37,32,88.47
37,33,87.59
37,34,86.99
37,35,88.28
37,36,88.88
37,37,88.13
37,38,88.85
37,39,89.05
37,40,89.32
37,41,88.25
37,42,87.36
37,43,88.34
37,44,88.29
37,45,87.78
37,46,87.29
37,47,87.17
37,48,87.31
37,49,86.91
37,50,87.16
37,51,86.64
37,52,87.57
37,53,87.16
37,54,87.17
37,55,86.76
37,56,87.36
37,57,86.53
37,58,86.7
37,59,86.19
37,60,86.6
37,61,86.49
37,62,86.03
37,63,85.73
37,64,85.93
37,65,85.3
37,66,85.45
37,67,84.76
37,68,85.35
37,69,85.24
37,70,84.85
37,71,85.26
37,72,85.08
37,73,84.34
37,74,84.8
37,75,84.35
37,76,84.33
37,77,84.45
37,78,84.43
37,79,83.73
37,80,84.27
37,81,84.72
37,82,84.88
37,83,84.41
37,84,83.56
37,85,83.82
37,86,83.76
37,87,84.12
37,88,84.36
37,89,84.08
37,90,83.75
37,91,83.65
37,92,83.7
37,93,83.77
37,94,83.1
37,95,83.99000000000001
37,96,83.75
37,97,83.28999999999999
37,98,83.45
37,99,83.26
37,100,83.28
38,1,87.47
38,2,87.57
38,3,87.42
38,4,86.91
38,5,87.21
38,6,87.23
38,7,86.96000000000001
38,8,86.99
38,9,87.39
38,10,86.53
38,11,86.96000000000001
38,12,87.59
38,13,87.27
38,14,86.96000000000001
38,15,87.46
38,16,87.18
38,17,86.72
38,18,87.32
38,19,87.75
38,20,88.02
38,21,87.84
38,22,88.05
38,23,87.51
38,24,88.89
38,25,88.91
38,26,89.5
38,27,88.76
38,28,88.51
38,29,88.34
38,30,89.03999999999999
38,31,88.8
38,32,88.62
38,33,88.43
38,34,89.28
38,35,88.98
38,36,87.96000000000001
38,37,88.3
38,38,87.95
38,39,87.73
38,40,87.71000000000001
38,41,87.75
38,42,87.76
38,43,87.46
38,44,87.12
38,45,87.63
38,46,87.96000000000001
38,47,87.45
38,48,87.07
38,49,86.82
38,50,87.28
38,51,86.79
38,52,86.17
38,53,87.02
38,54,86.66
38,55,86.58
38,56,87.09
38,57,85.76
38,58,86.44
38,59,85.97
38,60,86.07
38,61,85.16
38,62,86.39
38,63,84.92
38,64,85.21
38,65,84.91
38,66,85.12
38,67,84.77
38,68,85.46
38,69,85.17
38,70,85.99
38,71,85.14
38,72,84.59
38,73,84.52
38,74,84.78999999999999
38,75,84.49000000000001
38,76,84.35
38,77,84.98
38,78,83.78999999999999
38,79,84.46
38,80,83.68
38,81,83.93
38,82,83.89
38,83,83.28999999999999
38,84,84.4
38,85,84.35
38,86,83.81
38,87,83.9
38,88,83.31
38,89,83.96000000000001
38,90,83.84
38,91,83.43
38,92,83.91
38,93,84.06
38,94,83.98
38,95,83.55
38,96,83.46000000000001
38,97,83.6
38,98,83.94
38,99,83.32
38,100,83.49000000000001
39,1,87.09
39,2,87.42
39,3,87.02
39,4,86.96000000000001
39,5,87.41
39,6,87.19
39,7,87.13
39,8,87.25999999999999
39,9,87.97
39,10,86.39
39,11,87.31
39,12,87.72
39,13,86.65
39,14,86.69
39,15,87.55
39,16,88.07
39,17,88.46
39,18,86.25
39,19,87.69
39,20,87.31
39,21,88.16
39,22,88.37
39,23,87.6
39,24,87.6
39,25,87.06
39,26,89.12
39,27,88.63
39,28,87.94
39,29,88.96000000000001
39,30,88.73
39,31,88.14
39,32,88.32
39,33,87.87
39,34,88.36
39,35,88.5
39,36,88.67
39,37,88.25
39,38,88.23
39,39,88.03
39,40,87.6
39,41,88.43
39,42,88.0
39,43,87.36
39,44,87.68
39,45,87.12
39,46,88.26
39,47,87.07
39,48,86.5
39,49,86.93
39,50,87.04
39,51,86.41
39,52,86.16
39,53,85.84
39,54,86.53
39,55,85.94
39,56,86.72
39,57,85.85
39,58,86.19
39,59,85.58
39,60,85.58
39,61,85.74
39,62,86.12
39,63,85.45
39,64,85.26
39,65,85.82
39,66,84.9
39,67,84.59
39,68,84.42
39,69,84.36
39,70,85.12
39,71,84.76
39,72,85.13
39,73,84.19
39,74,83.9
39,75,83.78999999999999
39,76,84.99
39,77,83.84
39,78,84.53
39,79,83.91
39,80,84.16
39,81,83.72
39,82,83.53
39,83,84.12
39,84,83.73
39,85,83.88
39,86,83.46000000000001
39,87,83.42
39,88,84.0
39,89,84.0
39,90,82.98
39,91,82.95
39,92,82.92
39,93,83.6
39,94,82.89
39,95,83.26
39,96,83.46000000000001
39,97,83.33
39,98,83.26
39,99,82.81
39,100,83.46000000000001
40,1,86.92
40,2,86.8
40,3,87.23
40,4,87.25
40,5,86.74
40,6,86.89
40,7,86.32
40,8,86.28
40,9,86.66
40,10,86.37
40,11,86.03999999999999
40,12,86.4
40,13,86.92
40,14,86.58
40,15,87.72
40,16,87.38
40,17,87.6
40,18,86.28999999999999
40,19,87.61
40,20,87.18
40,21,87.8
40,22,88.44
40,23,88.0
40,24,88.61
40,25,88.67
40,26,88.78999999999999
40,27,88.42
40,28,89.1
40,29,88.2
40,30,88.47
40,31,88.56
40,32,89.31
40,33,88.52
40,34,88.62
40,35,87.75
40,36,87.95
40,37,88.51
40,38,87.51
40,39,87.7
40,40,87.86
40,41,87.39
40,42,87.3
40,43,87.51
40,44,86.72
40,45,87.59
40,46,86.4
40,47,87.0
40,48,87.11
40,49,87.46
40,50,85.92
40,51,86.51
40,52,87.05
40,53,86.03
40,54,85.44
40,55,86.4
40,56,85.67
40,57,85.08
40,58,85.03
40,59,85.4
40,60,85.72
40,61,85.15
40,62,86.49
40,63,85.85
40,64,84.82
40,65,84.49000000000001
40,66,84.52
40,67,85.03
40,68,84.92
40,69,84.78999999999999
40,70,84.06
40,71,84.58
40,72,83.36
40,73,84.66
40,74,83.87
40,75,83.95
40,76,84.02
40,77,84.4
40,78,84.54
40,79,83.51
40,80,83.6
40,81,83.67
40,82,83.92
40,83,83.61
40,84,83.1
40,85,83.35
40,86,83.14
40,87,83.53999999999999
40,88,83.97
40,89,83.51
40,90,82.33
40,91,82.69
40,92,82.31
40,93,82.74
40,94,83.24
40,95,83.2
40,96,83.18
40,97,83.0
40,98,83.91
40,99,83.07
40,100,82.96000000000001
41,1,86.96000000000001
41,2,86.89
41,3,86.19
41,4,86.24
41,5,86.52
41,6,86.65
41,7,85.85
41,8,86.92
41,9,86.31
41,10,86.75
41,11,86.91
41,12,87.5
41,13,86.15
41,14,86.43
41,15,86.88
41,16,87.37
41,17,85.87
41,18,87.42
41,19,87.63
41,20,87.66
41,21,88.0
41,22,87.7
41,23,87.77
41,24,89.15
41,25,88.32
41,26,88.39
41,27,88.95
41,28,88.75
41,29,88.47
41,30,88.13
41,31,88.52
41,32,88.35
41,33,88.21
41,34,88.65
41,35,88.36
41,36,88.16
41,37,87.99
41,38,85.93
41,39,87.9
41,40,87.28
41,41,88.18
41,42,88.27
41,43,87.16
41,44,86.95
41,45,86.39
41,46,86.85
41,47,87.01
41,48,86.58
41,49,86.97
41,50,86.98
41,51,85.85
41,52,85.82
41,53,85.96000000000001
41,54,85.38
41,55,85.95
41,56,85.72
41,57,85.75
41,58,85.73
41,59,85.78
41,60,85.66
41,61,85.41
41,62,84.8
41,63,85.17
41,64,85.9
41,65,84.86
41,66,84.15
41,67,84.54
41,68,83.47999999999999
41,69,84.28
41,70,84.25
41,71,84.63
41,72,84.13
41,73,84.03
41,74,84.86
41,75,84.27
41,76,83.8
41,77,83.12
41,78,83.93
41,79,83.68
41,80,83.74000000000001
41,81,83.3
41,82,83.14
41,83,82.75
41,84,83.9
41,85,83.66
41,86,83.95
41,87,83.05
41,88,83.19
41,89,83.88
41,90,82.77
41,91,82.57
41,92,83.5
41,93,82.81
41,94,82.78
41,95,83.59
41,96,82.6
41,97,83.47
41,98,82.82
41,99,84.05
41,100,82.39
42,1,86.71000000000001
42,2,87.88
42,3,86.91
42,4,86.47
42,5,86.55
42,6,86.48
42,7,85.33
42,8,85.72
42,9,85.58
42,10,85.7
42,11,85.53
42,12,86.01
42,13,85.69
42,14,86.39
42,15,86.21000000000001
42,16,86.24
42,17,86.06
42,18,87.48
42,19,86.99
42,20,87.81
42,21,87.55
42,22,88.59
42,23,87.38
42,24,87.32
42,25,87.07
42,26,87.97
42,27,88.7
42,28,87.77
42,29,88.42
42,30,88.34
42,31,88.52
42,32,87.47
42,33,88.46
42,34,87.66
42,35,87.07
42,36,87.98
42,37,87.69
42,38,86.95
42,39,86.86
42,40,87.49000000000001
42,41,86.47
42,42,87.71000000000001
42,43,87.41
42,44,87.61
42,45,87.07
42,46,86.93
42,47,86.58
42,48,86.5
42,49,85.55
42,50,86.36
42,51,86.45
42,52,86.12
42,53,86.17
42,54,85.22
42,55,85.67
42,56,85.35
42,57,85.82
42,58,85.15
42,59,84.85
42,60,85.87
42,61,85.18
42,62,85.02
42,63,84.09
42,64,84.78999999999999
42,65,84.39
42,66,84.67
42,67,85.16
42,68,84.19
42,69,83.77
42,70,84.16
42,71,84.2
42,72,84.36
42,73,83.33
42,74,83.27
42,75,84.24
42,76,83.88
42,77,83.45
42,78,84.16
42,79,83.55
42,80,82.96000000000001
42,81,83.78999999999999
42,82,82.94
42,83,83.28
42,84,83.39
42,85,83.1
42,86,83.4
42,87,82.58
42,88,83.35
42,89,83.32
42,90,83.02
42,91,82.46000000000001
42,92,82.89
42,93,82.59
42,94,83.11
42,95,82.98
42,96,82.97
42,97,83.47
42,98,83.03999999999999
42,99,83.21000000000001
42,100,83.05
43,1,86.27
43,2,86.1
43,3,86.48
43,4,86.64
43,5,86.39
43,6,86.03999999999999
43,7,86.17
43,8,86.03
43,9,85.42
43,10,85.03999999999999
43,11,85.8
43,12,86.0
43,13,85.89
43,14,86.22
43,15,87.07
43,16,87.59
43,17,86.08
43,18,87.61
43,19,88.26
43,20,87.37
43,21,86.5
43,22,87.94
43,23,88.08
43,24,87.74
43,25,88.8
43,26,88.02
43,27,88.15
43,28,88.48
43,29,87.71000000000001
43,30,88.19
43,31,87.73
43,32,88.12
43,33,87.93
43,34,87.78
43,35,87.69
43,36,87.32
43,37,87.65
43,38,86.88
43,39,88.41
43,40,87.58
43,41,87.51
43,42,86.76
43,43,87.19
43,44,86.54
43,45,87.1
43,46,85.77
43,47,86.38
43,48,86.62
43,49,85.84
43,50,85.42
43,51,86.26
43,52,85.62
43,53,86.52
43,54,85.1
43,55,85.47
43,56,84.95
43,57,85.96000000000001
43,58,85.51
43,59,85.52
43,60,84.71
43,61,84.12
43,62,84.87
43,63,84.55
43,64,84.29
43,65,84.08
43,66,84.59
43,67,84.23
43,68,84.06
43,69,83.38
43,70,84.47
43,71,84.82
43,72,83.94
43,73,83.4
43,74,83.43
43,75,84.13
43,76,83.19
43,77,83.78999999999999
43,78,83.94
43,79,83.3
43,80,83.11
43,81,83.9
43,82,83.84
43,83,82.99
43,84,83.42
43,85,83.11
43,86,82.57
43,87,82.53
43,88,83.21000000000001
43,89,82.39
43,90,83.01
43,91,83.47999999999999
43,92,82.39
43,93,83.55
43,94,82.5
43,95,82.68
43,96,83.01
43,97,82.8
43,98,82.7
43,99,82.28
43,100,83.35
44,1,86.13
44,2,86.72
44,3,85.65
44,4,86.1
44,5,85.92
44,6,86.22
44,7,85.73
44,8,86.77
44,9,86.02
44,10,86.34
44,11,84.75
44,12,85.18
44,13,85.78999999999999
44,14,85.94
44,15,87.32
44,16,85.78999999999999
44,17,85.43
44,18,86.91
44,19,87.52
44,20,87.25
44,21,87.34
44,22,87.11
44,23,87.28
44,24,87.96000000000001
44,25,88.09
44,26,87.76
44,27,88.52
44,28,87.98
44,29,87.9
44,30,88.01
44,31,88.83
44,32,88.09
44,33,87.42
44,34,87.82
44,35,88.02
44,36,87.75
44,37,88.13
44,38,86.93
44,39,87.08
44,40,86.92
44,41,85.85
44,42,86.77
44,43,87.61
44,44,86.36
44,45,86.41
44,46,86.56
44,47,86.8
44,48,86.43
44,49,85.92
44,50,85.17
44,51,85.83
44,52,86.28
44,53,85.13
44,54,84.88
44,55,85.01
44,56,85.51
44,57,85.83
44,58,84.49000000000001
44,59,85.0
44,60,84.93
44,61,84.23
44,62,84.0
44,63,84.51
44,64,84.57
44,65,84.18
44,66,84.86
44,67,84.53
44,68,84.05
44,69,83.73
44,70,83.98
44,71,83.51
44,72,83.51
44,73,83.28999999999999
44,74,83.6
44,75,83.42
44,76,83.87
44,77,83.39
44,78,83.19
44,79,82.78
44,80,84.05
44,81,83.08
44,82,82.93
44,83,82.96000000000001
44,84,83.21000000000001
44,85,82.51
44,86,83.86
44,87,82.72
44,88,82.71000000000001
44,89,82.74
44,90,83.19
44,91,82.28
44,92,82.81
44,93,83.4
44,94,82.53999999999999
44,95,82.53
44,96,82.59
44,97,82.44
44,98,82.7
44,99,82.88
44,100,82.89
45,1,86.35
45,2,86.17
45,3,85.93
45,4,86.53
45,5,85.45
45,6,85.57
45,7,85.93
45,8,85.73
45,9,85.85
45,10,85.28999999999999
45,11,86.51
45,12,84.97
45,13,85.81
45,14,86.14
45,15,86.47
45,16,87.62
45,17,86.87
45,18,87.71000000000001
45,19,87.78999999999999
45,20,88.09
45,21,87.32
45,22,88.81
45,23,87.2
45,24,88.87
45,25,87.59
45,26,87.95
45,27,87.55
45,28,88.28
45,29,87.94
45,30,87.21
45,31,87.18
45,32,87.78
45,33,87.93
45,34,87.47
45,35,87.61
45,36,87.35
45,37,87.2
45,38,86.84
45,39,86.91
45,40,87.7
45,41,86.37
45,42,87.66
45,43,86.57
45,44,85.78
45,45,85.99
45,46,86.08
45,47,86.81
45,48,85.98
45,49,85.21
45,50,84.78
45,51,85.1
45,52,85.11
45,53,85.88
45,54,85.52
45,55,84.89
45,56,84.5
45,57,84.98
45,58,85.45
45,59,85.03999999999999
45,60,84.72
45,61,84.14
45,62,84.45
45,63,84.09
45,64,84.14
45,65,84.13
45,66,83.66
45,67,83.75
45,68,84.15
45,69,83.32
45,70,84.4
45,71,84.18
45,72,83.15
45,73,82.56
45,74,83.76
45,75,83.6
45,76,83.2
45,77,83.77
45,78,83.03999999999999
45,79,82.53
45,80,82.65
45,81,82.95
45,82,82.51
45,83,83.1
45,84,82.7
45,85,83.12
45,86,82.98
45,87,82.6
45,88,82.67
45,89,83.28
45,90,82.06
45,91,82.74
45,92,83.31
45,93,81.98
45,94,82.39
45,95,82.68
45,96,82.65
45,97,81.95
45,98,82.9
45,99,82.4
45,100,82.89
46,1,86.36
46,2,85.1
46,3,85.95
46,4,84.64
46,5,85.43
46,6,84.91
46,7,85.92
46,8,85.33
46,9,86.15
46,10,85.5
46,11,85.8
46,12,85.12
46,13,86.65
46,14,85.93
46,15,86.53
46,16,87.53
46,17,87.88
46,18,87.68
46,19,87.58
46,20,88.03
46,21,87.74
46,22,86.37
46,23,88.02
46,24,87.78999999999999
46,25,88.3
46,26,88.47
46,27,87.25999999999999
46,28,86.61
46,29,87.43
46,30,87.74
46,31,86.67999999999999
46,32,87.75
46,33,87.39
46,34,86.64
46,35,87.06
46,36,87.27
46,37,86.74
46,38,86.74
46,39,86.49
46,40,86.76
46,41,86.28999999999999
46,42,86.14
46,43,86.18
46,44,85.53
46,45,85.86
46,46,85.64
46,47,85.95
46,48,85.44
46,49,84.96
46,50,86.41
46,51,84.95
46,52,84.81
46,53,84.83
46,54,85.67
46,55,85.58
46,56,85.58
46,57,84.67
46,58,84.71
46,59,84.27
46,60,84.16
46,61,84.08
46,62,84.67
46,63,84.23
46,64,84.09
46,65,84.31
46,66,84.17
46,67,83.94
46,68,83.99000000000001
46,69,83.51
46,70,83.77
46,71,83.05
46,72,83.32
46,73,83.37
46,74,82.71000000000001
46,75,83.65
46,76,83.0
46,77,83.17
46,78,82.75
46,79,82.83
46,80,83.59
46,81,83.28
46,82,82.92
46,83,82.67
46,84,83.22
46,85,82.57
46,86,83.21000000000001
46,87,82.45
46,88,83.13
46,89,82.83
46,90,83.07
46,91,82.37
46,92,82.77
46,93,81.94
46,94,82.78
46,95,82.11
46,96,82.85
46,97,82.09
46,98,82.62
46,99,81.75999999999999
46,100,83.03999999999999
47,1,84.96
47,2,86.09
47,3,85.68
47,4,85.21
47,5,84.97
47,6,84.6
47,7,85.13
47,8,84.83
47,9,85.53
47,10,86.17
47,11,84.58
47,12,86.27
47,13,84.43
47,14,83.87
47,15,87.81
47,16,85.77
47,17,87.74
47,18,86.72
47,19,88.37
47,20,88.05
47,21,88.63
47,22,88.6
47,23,88.17
47,24,87.73
47,25,87.6
47,26,87.78999999999999
47,27,87.74
47,28,87.36
47,29,88.53
47,30,87.61
47,31,87.62
47,32,87.25999999999999
47,33,87.19
47,34,86.76
47,35,87.33
47,36,87.37
47,37,86.42
47,38,86.77
47,39,86.01
47,40,87.39
47,41,86.81
47,42,85.43
47,43,85.52
47,44,85.78999999999999
47,45,85.91
47,46,86.2
47,47,85.78
47,48,85.2
47,49,84.89
47,50,84.73
47,51,84.54
47,52,84.35
47,53,84.84
47,54,84.37
47,55,84.47
47,56,84.94
47,57,84.83
47,58,84.67
47,59,84.01
47,60,84.06
47,61,84.0
47,62,84.8
47,63,83.61
47,64,83.46000000000001
47,65,83.94
47,66,84.12
47,67,83.87
47,68,83.41
47,69,83.71000000000001
47,70,82.74
47,71,83.59
47,72,83.45
47,73,83.77
47,74,83.03999999999999
47,75,82.77
47,76,82.43
47,77,82.88
47,78,81.61
47,79,82.46000000000001
47,80,82.45
47,81,82.69
47,82,82.39
47,83,82.81
47,84,82.46000000000001
47,85,82.52
47,86,82.57
47,87,82.57
47,88,82.5
47,89,82.47
47,90,81.98
47,91,82.86
47,92,83.25
47,93,82.88
47,94,82.07
47,95,82.86
47,96,82.13
47,97,82.52
47,98,83.99000000000001
47,99,82.78999999999999
47,100,81.98
48,1,85.06
48,2,84.99
48,3,84.9
48,4,85.23
48,5,84.31
48,6,85.01
48,7,85.72
48,8,85.03999999999999
48,9,84.64
48,10,85.28
48,11,85.69
48,12,86.13
48,13,85.75
48,14,87.06
48,15,85.48
48,16,87.27
48,17,87.25999999999999
48,18,87.6
48,19,86.56
48,20,87.65
48,21,87.22
48,22,87.29
48,23,87.47
48,24,87.86
48,25,87.23
48,26,86.96000000000001
48,27,87.28
48,28,87.53
48,29,87.93
48,30,87.44
48,31,87.38
48,32,87.14
48,33,86.93
48,34,87.51
48,35,86.19
48,36,85.86
48,37,85.84
48,38,85.88
48,39,86.34
48,40,85.87
48,41,86.21000000000001
48,42,86.09
48,43,85.2
48,44,85.36
48,45,85.93
48,46,85.94
48,47,85.32
48,48,84.47
48,49,85.35
48,50,85.32
48,51,84.97
48,52,85.12
48,53,83.78999999999999
48,54,85.01
48,55,83.85
48,56,84.3
48,57,84.07
48,58,84.39
48,59,84.01
48,60,83.47999999999999
48,61,84.1
48,62,83.53
48,63,83.84
48,64,83.73
48,65,83.55
48,66,82.71000000000001
48,67,83.57
48,68,83.67
48,69,82.81
48,70,83.35
48,71,82.62
48,72,83.05
48,73,83.99000000000001
48,74,83.01
48,75,83.4
48,76,82.72
48,77,83.15
48,78,83.01
48,79,82.86
48,80,82.48
48,81,82.45
48,82,82.73
48,83,82.86
48,84,82.89
48,85,82.6
48,86,82.25999999999999
48,87,82.36
48,88,82.52
48,89,82.13
48,90,82.13
48,91,82.53999999999999
48,92,81.69
48,93,82.65
48,94,82.25
48,95,82.5
48,96,82.06
48,97,82.34
48,98,82.3
48,99,83.03
48,100,82.58
49,1,85.25
49,2,85.56
49,3,84.46
49,4,84.76
49,5,85.08
49,6,84.36
49,7,84.74
49,8,84.22
49,9,84.32
49,10,85.83
49,11,86.32
49,12,86.51
49,13,84.86
49,14,86.15
49,15,88.08
49,16,87.01
49,17,87.15
49,18,87.64
49,19,87.73
49,20,86.61
49,21,87.56
49,22,87.64
49,23,87.59
49,24,87.6
49,25,87.77
49,26,87.49000000000001
49,27,87.77
49,28,88.27
49,29,88.44
49,30,86.75
49,31,85.84
49,32,87.45
49,33,86.82
49,34,86.66
49,35,86.08
49,36,86.48
49,37,86.14
49,38,86.01
49,39,85.72
49,40,86.51
49,41,85.07
49,42,85.49
49,43,86.85
49,44,85.36
49,45,85.51
49,46,86.16
49,47,84.31
49,48,84.56
49,49,84.25999999999999
49,50,85.81
49,51,84.95
49,52,84.39
49,53,84.72
49,54,84.03
49,55,85.02
49,56,84.21
49,57,83.87
49,58,83.64
49,59,83.42
49,60,83.38
49,61,84.12
49,62,83.27
49,63,83.06
49,64,83.77
49,65,83.03
49,66,82.43
49,67,83.35
49,68,82.77
49,69,82.65
49,70,83.01
49,71,83.16
49,72,83.18
49,73,82.72
49,74,82.6
49,75,82.72
49,76,82.83
49,77,82.83
49,78,82.78
49,79,82.88
49,80,81.99
49,81,82.03999999999999
49,82,82.09
49,83,82.27
49,84,82.31
49,85,81.69
49,86,82.39
49,87,82.65
49,88,81.98
49,89,83.09
49,90,82.14
49,91,81.89
49,92,83.16
49,93,82.67
49,94,82.98
49,95,81.28
49,96,81.86
49,97,81.66
49,98,83.05
49,99,82.51
49,100,83.2
50,1,84.78
50,2,84.16
50,3,84.56
50,4,84.05
50,5,85.38
50,6,85.21
50,7,83.83
50,8,84.27
50,9,85.06
50,10,84.23
50,11,85.73
50,12,86.7
50,13,87.55
50,14,85.67
50,15,86.65
50,16,87.29
50,17,86.72
50,18,88.11
50,19,86.96000000000001
50,20,88.2
50,21,87.27
50,22,87.88
50,23,86.73
50,24,87.43
50,25,87.22
50,26,87.83
50,27,87.39
50,28,86.96000000000001
50,29,86.46000000000001
50,30,87.4
50,31,86.41
50,32,86.65
50,33,86.52
50,34,86.28999999999999
50,35,85.81
50,36,85.53999999999999
50,37,85.84
50,38,85.35
50,39,85.59
50,40,85.48
50,41,85.58
50,42,85.09
50,43,85.19
50,44,85.26
50,45,85.25
50,46,85.36
50,47,84.89
50,48,84.89
50,49,84.93
50,50,83.78
50,51,84.69
50,52,83.41
50,53,84.13
50,54,82.51
50,55,83.91
50,56,83.74000000000001
50,57,83.31
50,58,83.06
50,59,83.46000000000001
50,60,83.28
50,61,83.5
50,62,83.01
50,63,83.99000000000001
50,64,82.97
50,65,82.81
50,66,82.69
50,67,82.06
50,68,82.47
50,69,82.45
50,70,82.73
50,71,82.98
50,72,83.08
50,73,83.45
50,74,82.02
50,75,83.07
50,76,82.41
50,77,83.15
50,78,82.5
50,79,81.89
50,80,82.37
50,81,82.27
50,82,82.41
50,83,81.99
50,84,82.5
50,85,82.42
50,86,82.43
50,87,82.07
50,88,81.11
50,89,81.69
50,90,82.99
50,91,81.83
50,92,82.59
50,93,83.16
50,94,82.34
50,95,82.07
50,96,81.9
50,97,81.86
50,98,81.35
50,99,81.57
50,100,82.13
