delay_mean,loss_mean,control_interval,sla(90%),sla(91%),sla(92%),sla(93%),sla(94%),sla(95%),sla(96%),sla(97%),sla(98%),sla(99%),avg_precision
0,0.05,5,99.74913230390415,99.7463896094993,99.74329375923642,99.74033608446545,99.73688440959613,99.73276436342493,99.7270518135132,99.71793193663673,99.70360012383908,99.67768032993946,99.81
0,0.1,5,99.73193513564243,99.72825764463816,99.72452684179332,99.71970444462933,99.7133268348027,99.705401306848,99.69641984139896,99.68511553645165,99.66997339911538,99.64546043131273,99.81
0,0.15,5,99.7261405713587,99.72134984581571,99.71615862900983,99.71031919009295,99.70385149370425,99.69506317848821,99.68509600863,99.67060772985504,99.6522668682623,99.60320455430139,99.81
0,0.2,5,99.71163246167846,99.70575340040546,99.69891118485069,99.69126088687938,99.68220106885198,99.67067069584411,99.65720407135163,99.63925476340651,99.61037155767526,99.5698689875925,99.8
0,0.25,5,99.67486450077438,99.66736971681647,99.65778133811743,99.64771282367079,99.6339133717849,99.6172997926736,99.5954616508179,99.56882865303899,99.53588099620147,99.44032120927332,99.79
0,0.3,5,99.65792688364624,99.64935982368434,99.63830255943901,99.62669977227797,99.6119112172219,99.59216713266973,99.56920123212694,99.54525911114816,99.50265277036529,99.40339485298334,99.78
0,0.35,5,99.63324845637011,99.62226326188534,99.60846097180591,99.59254506781849,99.57463852770051,99.55471463197715,99.52457362411569,99.47837710686758,99.42466846685531,99.30301833394873,99.77
0,0.4,5,99.59496644446575,99.57928576148382,99.56328373022502,99.54455028043161,99.52058718949634,99.49329209477428,99.4548714487346,99.41228823095922,99.31114638568638,99.15554130592915,99.76
0,0.45,5,99.53545470272954,99.5184160831556,99.50000092051813,99.4781256974011,99.44908118821334,99.42383622483476,99.38767403100739,99.3305502747279,99.26003935977667,99.12956572040724,99.73
0,0.5,5,99.46776990918896,99.44575966880167,99.42681195770376,99.40432094867704,99.37332525779559,99.34009210816915,99.30180653183758,99.25487165707005,99.17549208615971,99.02846248928977,99.7
5,0.05,5,99.66346554261159,99.65724786195226,99.65033042734326,99.6438610702844,99.63565421239029,99.62593293540448,99.61447957184697,99.59891255049828,99.57647486466851,99.54170917835812,99.76
5,0.1,5,99.64834312456772,99.64310233990093,99.6374031671858,99.62978157821924,99.62047122363246,99.6087573097488,99.59341267724876,99.57463182947656,99.55015790199448,99.4997629561201,99.75
5,0.15,5,99.64417638952627,99.63755362574265,99.63012896247285,99.62161868110317,99.6114364777874,99.59988621707392,99.58548422014105,99.5664688411387,99.54121642299535,99.48882353266214,99.75
5,0.2,5,99.60970270465123,99.602211342327,99.59421374542886,99.58557599810203,99.575277147722,99.56337546174993,99.54842078480391,99.5274317003712,99.50521537709635,99.45567107992841,99.73
5,0.25,5,99.59444324197439,99.58603852132381,99.57642796297552,99.56554388070653,99.55235188759737,99.53778354357061,99.51541670624398,99.48678950717661,99.4534107712924,99.38496401955594,99.72
5,0.3,5,99.55848784519475,99.54744850423262,99.53709462638793,99.52243983247696,99.50405969648514,99.4829139147602,99.45689703627983,99.4202485384505,99.36030217465506,99.22749010927393,99.7
5,0.35,5,99.53492382092898,99.52295174799865,99.51013630357345,99.49644718688671,99.4808362097396,99.46211204204764,99.43856844845436,99.40343071881894,99.3529256877791,99.22705839198802,99.69
5,0.4,5,99.46384782455516,99.44852365814445,99.43249439293196,99.4117351429711,99.38848701011337,99.3596187830427,99.32734947880151,99.28621412647742,99.2254332870286,99.11808758548774,99.67
5,0.45,5,99.43288456513505,99.41673707329056,99.39882157975734,99.37922163614384,99.35619601658082,99.32617017340554,99.28677324720805,99.22097397036073,99.1234682205647,98.97381597965531,99.65
5,0.5,5,99.39027328955383,99.37330251273565,99.35183475168823,99.32970199062301,99.30263067982646,99.27029525458101,99.22316050954288,99.16568152100902,99.09239169408784,98.92909566055381,99.63
10,0.05,5,99.48222321567862,99.47294298736114,99.46241710933676,99.45078821706416,99.4337551839654,99.41267342038188,99.38713595565741,99.35706930007831,99.31611154659117,99.24068376964725,99.65
10,0.1,5,99.46768223556836,99.45778398082354,99.44690840212283,99.43146843826237,99.41542000730774,99.39445588817902,99.37307782262927,99.34492922759132,99.30308864550477,99.22382109728106,99.64
10,0.15,5,99.46361937912626,99.45311157245135,99.44102036909585,99.42765928184964,99.4130730082863,99.39628950182811,99.37718624887391,99.3457375893478,99.30544613544387,99.25047358183258,99.64
10,0.2,5,99.44159793683966,99.4301321379074,99.4163824681757,99.40194761342941,99.38305030028525,99.36028595546982,99.33275900318685,99.29668653893809,99.22999288417626,99.12871007103004,99.63
10,0.25,5,99.42165220369478,99.4098260488552,99.39558349321143,99.37819331367407,99.35739688280952,99.33786544246557,99.3123578773862,99.28136309352175,99.23590505346009,99.11673587880918,99.62
10,0.3,5,99.39130287656735,99.37836293236573,99.36303325985808,99.34476169890338,99.32498832479291,99.30492517668631,99.2748796567449,99.2360643917572,99.18131011078937,99.10797953500573,99.61
10,0.35,5,99.37518763740395,99.36139562430478,99.34744872770155,99.32960437822094,99.3094184699695,99.28496345121319,99.25360104276946,99.2124867662568,99.1571629355511,99.03635711965951,99.6
10,0.4,5,99.30629999658046,99.28191942158345,99.25709301291052,99.23062582419817,99.20214333709244,99.1704678120376,99.1286899586498,99.0721312981474,98.98254449520445,98.82660694640393,99.57
10,0.45,5,99.2866939846346,99.26823105115363,99.24373190501258,99.21600634779246,99.18544235055445,99.15016288314517,99.1013536284623,99.04155473948842,98.9361121136158,98.75009702126071,99.56
10,0.5,5,99.23262203787878,99.20952179586078,99.18277763460483,99.14285340513356,99.10085462795394,99.05987615242717,99.00521759639835,98.9287786750154,98.84248886549432,98.66171372204528,99.54
15,0.05,5,99.2760982053312,99.2612773745679,99.2450031523089,99.22511671771625,99.20379855671928,99.17488063233402,99.13966911944414,99.08990957430723,99.01172003987107,98.88864806297012,99.54
15,0.1,5,99.22353316422186,99.205393833716,99.18643424227331,99.16344171154245,99.13742647891596,99.10924980489801,99.06807046497093,99.02488331724977,98.96183306843358,98.82736078630886,99.51
15,0.15,5,99.24984061838622,99.23057817272256,99.21214972513914,99.18889459210588,99.16507634315403,99.13820338039297,99.10372868258203,99.06468747385482,99.01055925700746,98.92255965133849,99.53
15,0.2,5,99.19802977221707,99.17985504477576,99.16003660383879,99.13790702638356,99.10916306145585,99.07684150761895,99.04053397016912,98.99404779922337,98.90285463101046,98.77509649795867,99.51
15,0.25,5,99.15772950215512,99.13590996928072,99.11521280177071,99.08749139922938,99.06039913938156,99.02488146624627,98.98448693631966,98.93454218403454,98.87449629959306,98.7449369966699,99.48
15,0.3,5,99.1422999561877,99.12239708309578,99.09901063634331,99.06950975674705,99.03227256770778,98.99070296163505,98.94036771827676,98.88021936093233,98.80902090143485,98.70496765888225,99.48
15,0.35,5,99.1412722652206,99.11819237097822,99.09460647817305,99.06519161705458,99.03291585516281,99.00141660069166,98.95822089819347,98.8946871892001,98.8183228877879,98.6727980602641,99.48
15,0.4,5,99.09784938184954,99.07333320822126,99.04436771221565,99.01268577962384,98.96683528104684,98.90902113965167,98.84713881889019,98.76097070943884,98.64483980809122,98.37319707248395,99.44
15,0.45,5,99.0453184961376,99.02075172441755,98.99395442536434,98.95948854399242,98.92574696010017,98.8820969352748,98.81934227811212,98.72722979843141,98.60647983836185,98.3775256292778,99.44
15,0.5,5,98.98556720303107,98.95229272481158,98.90997748393366,98.86982193146802,98.82138664136468,98.76287826213095,98.68788503515833,98.6021562849771,98.45007687443051,98.2035213569466,99.41
20,0.05,5,99.03569878143986,99.01310499279356,98.98775656821363,98.96456873539107,98.93435210239348,98.9027608258666,98.85928409096826,98.81484365201996,98.74474919746126,98.65158300017414,99.43
20,0.1,5,99.07999508894493,99.05439789075727,99.02923288361018,99.0012197914687,98.96531492821032,98.92721933655736,98.88019376348126,98.81661981073624,98.72595173487106,98.56008088487364,99.43
20,0.15,5,98.96875975419333,98.94390726862943,98.91876642869173,98.88851910710058,98.85770095327872,98.82201417888496,98.7727260679695,98.72526213984848,98.65722526376263,98.49447963760163,99.39
20,0.2,5,98.93690375037768,98.91363263453547,98.88603675696679,98.86023652077134,98.82322926543522,98.78366268712945,98.73313484647291,98.65973980635279,98.56925444610658,98.38330137312244,99.36
20,0.25,5,98.95065950538657,98.92861160227251,98.90263578362757,98.86990154835811,98.8288394664589,98.78954230280355,98.74371556640557,98.67265647165786,98.58060291372351,98.45002112863052,99.4
20,0.3,5,98.94710187448027,98.92435371848453,98.89830944907182,98.8699460162254,98.83458663728376,98.7932647855792,98.74231012228302,98.67421638082575,98.58003145269704,98.45429199003233,99.39
20,0.35,5,98.85486337377063,98.825660733535,98.7907040267294,98.75262643368985,98.70966246464796,98.65044121464027,98.58146434635734,98.48099266299049,98.35655044832954,98.08089333509005,99.34
20,0.4,5,98.85810204355583,98.83011273407423,98.796068694604,98.75911835486536,98.71299731470775,98.67090860543455,98.62542391979431,98.57283862253651,98.48833057275601,98.3419520878046,99.35
20,0.45,5,98.76063974828567,98.72400567932397,98.68691697900454,98.64305168964009,98.59018012512624,98.53574310699825,98.47894579036485,98.39807918235164,98.25635715433936,98.04854541356984,99.3
20,0.5,5,98.70556447918473,98.66190755993195,98.61493885399857,98.56666151006124,98.51567500476793,98.44572436872598,98.37738513690026,98.28508051028683,98.10058840659296,97.8437268075747,99.26
25,0.05,5,98.7348419704292,98.70414121768452,98.66514802538346,98.62548492355319,98.58160496218395,98.5239006202316,98.42980496115321,98.31600502499151,98.18533482608194,98.00983188730659,99.26
25,0.1,5,98.68409976728668,98.64478416675708,98.59864517884373,98.55634882438476,98.49955237523395,98.43226506229635,98.36216674943451,98.27627186122311,98.15284361196031,97.98910163064254,99.26
25,0.15,5,98.7143055856822,98.6816328411896,98.63709539512928,98.58181877346796,98.52819644609357,98.47827217450833,98.41642171794301,98.34156872319771,98.22254188657396,98.05717983016913,99.26
25,0.2,5,98.6990464074996,98.66951095325834,98.63188103759443,98.58658773226598,98.53199410239068,98.46574813239063,98.3934817639701,98.31742871203157,98.22428346992331,98.12436855932506,99.25
25,0.25,5,98.6289624466605,98.59100158682007,98.55182860906244,98.50108057129562,98.442850105987,98.37077544837047,98.29498371974182,98.21297197346148,98.09832994198094,97.79611459415514,99.23
25,0.3,5,98.64093090921205,98.61333405598657,98.5761855600593,98.53049099092719,98.48133484167619,98.4096716454926,98.32105343538122,98.22358383077963,98.02329031779361,97.71493598812802,99.23
25,0.35,5,98.58848793070734,98.55335630103424,98.51611424769013,98.47440121694207,98.43354476096042,98.3658648925759,98.29751420825153,98.18463834817514,98.05295411259556,97.83835003385046,99.2
25,0.4,5,98.59455308200216,98.55230370210774,98.51243642702396,98.46387767320721,98.40843416785313,98.34774139797713,98.28720362619578,98.21930087765412,98.10353182283943,97.93749143967047,99.23
25,0.45,5,98.42218425239682,98.38448822003255,98.3464973165793,98.3013640424166,98.24361865970808,98.18011742260533,98.10003697889394,98.00104447110921,97.89648429780274,97.72938854448817,99.13
25,0.5,5,98.44443766856051,98.40541755495562,98.3631464897095,98.31439702116771,98.26869467992573,98.19463149663008,98.11414637249288,98.00525465953237,97.84048510727553,97.53940642524935,99.16
30,0.05,5,98.34616336126116,98.29275192088248,98.24136128246309,98.19091749186894,98.11847096033645,98.02517717375746,97.92921703641215,97.80183301581592,97.57919320063408,97.29128018281538,99.09
30,0.1,5,98.34966277066188,98.3061007160036,98.2612552913581,98.20905376716648,98.1389022390874,98.06755718927504,97.98533486453408,97.86694363676733,97.69600583006363,97.38037747180661,99.09
30,0.15,5,98.39628529969994,98.34794307617689,98.29766376215971,98.24278780632773,98.17605256992074,98.1115040650875,98.04211213369567,97.9397661548039,97.80557764433324,97.58787811107952,99.13
30,0.2,5,98.41865087041002,98.37513408560497,98.33028098770185,98.27813580939899,98.21964589804158,98.1502494118264,98.05970048130577,97.97444258018001,97.86029289674994,97.64193543425,99.12
30,0.25,5,98.34887788943409,98.29700032968104,98.2424146515284,98.18220145423368,98.1165783379756,98.05195665970919,97.94560041057909,97.7977536608715,97.61786444884089,97.21361416645686,99.09
30,0.3,5,98.3534392031877,98.31312045684058,98.26354258532662,98.199477581144,98.1253853611352,98.05034728490956,97.97230111080157,97.89229451958676,97.78215836924959,97.56297024446707,99.11
30,0.35,5,98.2555711808092,98.20579680756447,98.139130311888,98.07697962205813,98.0003996995661,97.92211888638154,97.82123773294028,97.6957224156094,97.5098758392089,97.17926665215253,99.06
30,0.4,5,98.17922708620236,98.13295915901831,98.08062684193314,98.03025443909092,97.97398412385284,97.89231452898669,97.78666823344766,97.66484179499405,97.51563088167389,97.27995053341485,99.06
30,0.45,5,98.21481818983287,98.17152650210055,98.1246343078291,98.06741194327961,98.00358395145334,97.93197833990334,97.84052156174845,97.72765695992645,97.50965879067358,97.13990391145389,99.05
30,0.5,5,98.17346248315974,98.11700104013508,98.05518401000577,97.97693592423242,97.89425074741366,97.78703935390962,97.67977596330394,97.56292818212339,97.39835323225998,97.13918756534157,99.04
35,0.05,5,98.01694832928379,97.95573420865408,97.8976349058998,97.8358744841303,97.77087532344282,97.69475272794051,97.6193700513507,97.46944869757185,97.2729255693655,97.0621956762345,98.99
35,0.1,5,98.02979243312947,97.98785130964298,97.93346723461704,97.86189550832577,97.79556350457075,97.70963068384279,97.61493517756209,97.50955746102791,97.34722600988836,96.94054359324214,98.96
35,0.15,5,98.0995542456421,98.05095113588824,97.99701514032155,97.93261525697135,97.84400856850914,97.74823138966106,97.62956796402672,97.46945201821887,97.12065676270616,96.66966237059593,98.96
35,0.2,5,97.8174413842021,97.75477129319489,97.68833565114019,97.61051688186681,97.53524558952131,97.44877033937465,97.33073448291,97.17996242413578,97.0405843577185,96.74998315424396,98.87
35,0.25,5,97.87730099950876,97.81460631199636,97.7453461553623,97.66255113671329,97.53924943007506,97.40877641422082,97.24373202222547,97.08755039661236,96.7655379292072,96.43537462008744,98.9
35,0.3,5,97.85622091992028,97.7903855422847,97.71285418979453,97.61263023594277,97.51484036610103,97.42859818304953,97.29309236406067,97.14567955801802,96.9801703941238,96.76943115554104,98.88
35,0.35,5,97.81363611184318,97.7513956851369,97.66964172640616,97.584163733327,97.48798008939004,97.39068098661154,97.26406234093425,97.13037293553725,96.96436609556415,96.6165096759441,98.88
35,0.4,5,97.95733803699879,97.90512252137302,97.83958797816302,97.78397175320858,97.71606874267138,97.65234372053547,97.56597790636908,97.4593578801253,97.28038153045101,97.00013029531645,98.91
35,0.45,5,97.83560709544716,97.77691913613116,97.71298328825712,97.63584891454194,97.53447368438775,97.39800366550485,97.21616037733259,97.0338068793166,96.83901976516337,96.52056085245745,98.88
35,0.5,5,97.65435745509718,97.57888690078597,97.5082875783725,97.43591601975882,97.34291248789376,97.2315022635097,97.10141548531719,96.95807840095203,96.8006812349344,96.5819564267867,98.81
40,0.05,5,97.60378830385213,97.52612962637005,97.44740936287451,97.36081803409252,97.2577812144121,97.11913326014385,96.96587707679599,96.76205289166097,96.42706788132784,95.87637159874106,98.76
40,0.1,5,97.61629511686024,97.54644921657118,97.47571697480917,97.40805310904943,97.33896047347163,97.24663944937443,97.1339906847269,96.99590547892412,96.80016975360077,96.4226008282592,98.76
40,0.15,5,97.63573128430284,97.56858506587145,97.49746494809082,97.4302612264954,97.35837295908466,97.24140892446398,97.10859577109908,96.93583891462379,96.71381419890324,96.14601390448254,98.76
40,0.2,5,97.56419884002798,97.48398223065922,97.3980654547839,97.31080933124528,97.20190408389315,97.10550185298409,96.98319779027699,96.75643491243339,96.53628747369173,95.99539812799249,98.76
40,0.25,5,97.63536685834467,97.56335050071928,97.48015621683064,97.3753913766318,97.26253940359186,97.1630404592336,97.04911432382997,96.87161769623428,96.6768370168436,96.32795265648667,98.78
40,0.3,5,97.52568647458453,97.44323409564778,97.3629695470073,97.28605445894327,97.18443878940664,97.03054815511021,96.83736540981555,96.66249929616548,96.37889641917621,95.9348349895181,98.72
40,0.35,5,97.58001096273664,97.50980731811097,97.44802469996122,97.37102293135912,97.28849929323995,97.20723944039003,97.10121778374706,96.97831414659244,96.8428240580158,96.64306211185752,98.77
40,0.4,5,97.43241401130354,97.36262757829482,97.29749444352365,97.21859295466244,97.12564999341643,97.02053551811342,96.88626780375117,96.69126022051894,96.47260927658625,96.18992379614727,98.69
40,0.45,5,97.33545243998589,97.2455715697476,97.16634781410913,97.08076723928687,96.98640608708274,96.89107131605397,96.74414526122095,96.5492651406357,96.27876883126322,95.89382740631495,98.67
40,0.5,5,97.31082964790016,97.20463813807034,97.09298970630482,96.96026441768227,96.83929274396745,96.68780599577346,96.52072973857017,96.25280458056994,96.01969560668869,95.61617772552427,98.64
45,0.05,5,97.25805737191335,97.1822997947577,97.07418264287125,96.95847415532926,96.8389630003555,96.70627775555265,96.5502397763608,96.38779552566521,96.1884281818867,95.8992902483909,98.62
45,0.1,5,97.32660173516058,97.25704202643506,97.16744795684193,97.0705635321825,96.95106304172378,96.84033758263257,96.67269365592003,96.46793448419868,96.18151810616216,95.70312224022678,98.61
45,0.15,5,97.22473791676536,97.14530872885616,97.0580459089486,96.94461400111611,96.83777047511592,96.71931957659895,96.57938011414069,96.37413036535283,96.14396581897907,95.51944715594381,98.57
45,0.2,5,97.29983389666351,97.22501586641715,97.1457907785756,97.06558543883658,96.96668356886768,96.857835592838,96.73584518989675,96.59993955349944,96.44632019682331,96.15946930364305,98.63
45,0.25,5,97.11560432000024,97.03617476511263,96.95561594817873,96.85657853292406,96.74933192214351,96.6281355107401,96.46108581333463,96.24292360846923,95.9708476051226,95.61089031966739,98.55
45,0.3,5,97.10539398048735,97.02110963642525,96.93045442711558,96.81097196880256,96.69847687040523,96.59316212724073,96.4731706937956,96.32857456232315,96.1390744471228,95.68263447034772,98.52
45,0.35,5,97.04857133444007,96.96528814283036,96.89522325006403,96.80855143835038,96.70672151389967,96.56437022189579,96.40615745736878,96.18014232693344,95.9319597832862,95.56603661413708,98.51
45,0.4,5,97.02188295354289,96.94784433892312,96.86681755795676,96.77344539673275,96.66550112492175,96.53864910878333,96.35383687043802,96.16264698581476,95.87526840003213,95.36501606968537,98.49
45,0.45,5,97.17914320915732,97.10832694693717,97.01652704602282,96.90883046688488,96.79694749163025,96.69212956953629,96.57713728357996,96.40429414061407,96.1659833008335,95.65517353263904,98.56
45,0.5,5,97.02195193119644,96.947629463986,96.87116762804695,96.78186832099107,96.68760098193876,96.55739911268695,96.42163514930641,96.23385374458113,95.94122345277925,95.44783468176571,98.47
50,0.05,5,96.79089095218927,96.69329185218966,96.58964906822825,96.49434791884119,96.36123852113677,96.19437936028662,95.99567975075931,95.78065466475486,95.56604067069034,95.17133684205852,98.39
50,0.1,5,96.70120303287858,96.60191432624174,96.50301133993757,96.37363019428416,96.24404219639655,96.09891989429295,95.92432549235555,95.63604284173206,95.31897410607426,94.79408300413937,98.37
50,0.15,5,96.62742791611004,96.53381998908108,96.44215897595335,96.33340202373812,96.22176249347604,96.09355598722499,95.90200480274574,95.67466998955935,95.38913847001292,94.64659357042038,98.32
50,0.2,5,96.50381260559035,96.38101018292534,96.2689418195985,96.1570194542443,96.00485601469002,95.84155654574747,95.70479702817437,95.44601682774332,95.11773021036599,94.6845956784601,98.28
50,0.25,5,96.71156892373746,96.61282484295333,96.49741781080856,96.4021859892382,96.29352156995022,96.1362313904523,95.98158710060792,95.79584462217508,95.5563071290498,95.09455397191127,98.35
50,0.3,5,96.51478519010868,96.41285440829677,96.31017480225869,96.21285976070264,96.04208548929643,95.8296128243792,95.62656217576674,95.40841112360886,95.03220170877579,94.48043735109164,98.27
50,0.35,5,96.68971107386447,96.60596116830887,96.49534450128932,96.3861927311669,96.26784070181365,96.13901748396424,95.99281760918993,95.81031033433379,95.60806693623061,95.08085903824873,98.31
50,0.4,5,96.74086079580096,96.66013757646236,96.55653235170023,96.41049192912494,96.25279250340085,96.08594069213123,95.92209940442532,95.71458087964324,95.36706552686165,94.56065615619359,98.36
50,0.45,5,96.45125032505024,96.3384193693409,96.21506679916547,96.09381485590902,95.96673778898887,95.82380438729419,95.68428528961547,95.44142184194908,95.13739068554834,94.45102202274477,98.24
50,0.5,5,96.41621491055558,96.31243568048149,96.2056152165296,96.0841728271738,95.95246879391661,95.80776386216354,95.64939563886063,95.46507535894436,95.22947197018168,94.67029438981015,98.25
55,0.05,5,96.1945513819457,96.08582662783985,95.97982151000706,95.83780251009122,95.69219812490266,95.51292226752932,95.28462757407537,95.02416365406691,94.7009795907656,94.22769726216555,98.11
55,0.1,5,96.15072361462103,96.02874440407446,95.89501482373898,95.72585732224569,95.5225956378856,95.28120816689987,95.0380682689804,94.67650153476018,94.14511701528171,93.74212207891114,98.08
55,0.15,5,96.24281009679159,96.16659515095587,96.06038072750836,95.95993201996082,95.84537083783069,95.71433029269065,95.50748573277703,95.28006672215241,94.91782982857255,94.49590034952126,98.12
55,0.2,5,96.2362783345825,96.13387849220553,96.03102618762708,95.91431548080702,95.80084631598189,95.65955347754301,95.44577110927419,95.19880450896387,94.86307302841351,94.52563767384103,98.14
55,0.25,5,96.21288347434663,96.08966853134729,95.95357557982469,95.80503266118758,95.67992641259538,95.50381229447753,95.32418820392996,95.0291384170068,94.63718153895361,94.14160471971222,98.11
55,0.3,5,96.11277526677719,96.01623888561127,95.92911379183418,95.79796478442695,95.66414766151517,95.49354981470117,95.35467095660543,95.15525243964038,94.90592111328618,94.4174982485649,98.08
55,0.35,5,96.10954268707219,95.99857296771592,95.89037109303287,95.77195958556844,95.60591381194868,95.42536440620587,95.20521057592705,94.7765149958618,93.99929445648571,93.30321016597125,98.04
55,0.4,5,96.06062550693306,95.94964187977838,95.84367781047963,95.73333623327326,95.59443073593617,95.4420987946458,95.29378050367266,95.10828343728456,94.76160357452471,94.3172039152132,98.06
55,0.45,5,95.97169488981977,95.87836467434224,95.74765432423958,95.63407548282396,95.47801186695044,95.31602442005104,95.07111816034025,94.84584433191546,94.47621384847204,93.9336841712055,97.99
55,0.5,5,95.66290300221321,95.51964238303717,95.38173737908545,95.22444742513241,95.07782014046789,94.92090185174493,94.7070139909863,94.35533045518979,93.97652217391695,93.4319851626135,97.9
60,0.05,5,95.86270228317255,95.75989207944176,95.64681314327072,95.52966788463154,95.40368699163405,95.28070379134822,95.13435396041774,94.96334595285185,94.52306336296729,93.75470315322563,97.92
60,0.1,5,95.58744210607452,95.48050204205371,95.3352191143233,95.1807098396792,95.0280030443588,94.86310375720367,94.68008341009872,94.39969051575089,94.01196480898493,93.26256315186629,97.83
60,0.15,5,95.60672559450111,95.4697205090975,95.32483180983499,95.17663579210773,95.03794991230431,94.84132665302411,94.62453730598325,94.24531054421912,93.647278505722,92.92700409575527,97.83
60,0.2,5,95.95050623437591,95.82339831637489,95.69712511255963,95.54988795132965,95.3682719542791,95.1566230250873,94.9312179441241,94.6359063512357,94.25863139590399,93.68807439865988,97.93
60,0.25,5,95.75536158524658,95.63821407848134,95.5045310592331,95.38758839079456,95.26308914007765,95.14004773017075,94.90123533436196,94.61069408362093,94.25026001049932,93.69820643200752,97.86
60,0.3,5,95.6743759773351,95.53834680645251,95.41615220645485,95.21571692509426,95.0123570046258,94.78429923456522,94.47838696172299,94.08719453458622,93.66665574159242,93.15905942082861,97.8
60,0.35,5,95.66243083877427,95.5391627015662,95.41993149301143,95.2774221793384,95.06013152110113,94.86545924229034,94.62957468224302,94.35330256626554,94.01853741349413,93.4493027367599,97.8
60,0.4,5,95.79565034938695,95.66659556231863,95.55137416222934,95.43507637112046,95.2759286063388,95.10634372315126,94.8468059237989,94.40900187816807,94.0399080439339,93.3182748350019,97.86
60,0.45,5,95.76237243309754,95.63940256460165,95.50195287121836,95.34555291445098,95.16683512629129,94.9742170400654,94.7353534682484,94.49544955838135,94.19766583189063,92.9319144274503,97.86
60,0.5,5,95.35933977527694,95.24784586816492,95.13207276792414,95.02063644005146,94.87980328193098,94.75150311827997,94.5200856822331,94.2584018877884,93.89353218979458,93.05475717121445,97.72
65,0.05,5,95.18364210231454,95.0465955937961,94.89122156835984,94.7440005865767,94.54791169248574,94.3463316952116,94.11638823412203,93.71853736961306,93.25076310841096,92.22789491358554,97.59
65,0.1,5,95.49818651709872,95.39441131359432,95.26670264697485,95.14734100374278,94.99400003739274,94.7768594046522,94.5264342123807,94.22180070421172,93.76260166536873,93.04118383191366,97.7
65,0.15,5,95.1188285561167,94.96439291063773,94.80924861935797,94.65930036574899,94.46660279164438,94.3170812550947,94.08209421489141,93.86561071565285,93.58600035470953,93.17285500144692,97.57
65,0.2,5,95.13899254046297,95.02959546039177,94.91416529694403,94.79660952307891,94.64221216378724,94.45961380398126,94.24274594619492,93.95425979279602,93.41399472167396,92.81713805118451,97.59
65,0.25,5,94.86376030239879,94.70843768493424,94.55695914165116,94.43050886480906,94.268865948095,94.0913925056058,93.90678840675317,93.5514368302287,93.20361266068748,92.70082706054836,97.5
65,0.3,5,95.35864087286896,95.24666093530101,95.12421708988857,94.97268817898126,94.81830703110114,94.58915020026211,94.33133765391638,93.92265642965214,93.48486806200697,92.76921975493505,97.63
65,0.35,5,95.09358795682485,94.96002534307415,94.81520772000542,94.66101892034176,94.5003773559868,94.36585296443384,94.16837603473977,93.85262156735766,93.4245640465228,92.73851973456078,97.56
65,0.4,5,94.76236440558783,94.63405878610331,94.48237408904745,94.30327894466393,94.09324720790907,93.86507435503304,93.63229129961908,93.29270722831387,92.81740711929618,91.63129396360159,97.4
65,0.45,5,94.6708021715552,94.51583326556923,94.35302841387487,94.18927697045638,93.97955292034304,93.76842113959498,93.53548054220207,93.30683535994866,92.90451624595545,92.08449856342108,97.38
65,0.5,5,95.15833643083968,95.03451493095874,94.90806635240659,94.76584696930205,94.63960308179199,94.42338510599458,94.13597222768949,93.86438259115866,93.36094026011737,92.52338386038471,97.55
70,0.05,5,94.68106172138366,94.57054842719813,94.41517788990485,94.22055257091505,94.01734011041636,93.78328133664169,93.53365503412131,93.28323624275448,92.8980961517878,92.20887248852954,97.34
70,0.1,5,94.74528178791329,94.59509355512685,94.41279958363452,94.22142700991873,94.00098633577802,93.74079848542517,93.41935835219529,92.99695339827609,92.58875580594542,91.78500092007187,97.41
70,0.15,5,94.26034414826312,94.13333282894371,94.00624977108941,93.84545684007027,93.62744278788067,93.40185648403359,93.09154495268263,92.67683829090781,92.25554021594121,91.80343505790587,97.18
70,0.2,5,94.42156654588001,94.26969338021567,94.12747782463285,93.96958697259376,93.77443083876926,93.58430458735694,93.31288103237375,92.94953873521224,92.49301966100447,91.51515142599419,97.21
70,0.25,5,94.56975886929052,94.442662050284,94.29874340113432,94.16146643342539,93.94325041164268,93.76083408969819,93.492127030692,93.12469385594804,92.69780792572962,91.76985701451342,97.27
70,0.3,5,94.56625923041587,94.39474689496494,94.21103813853888,94.0475209639313,93.8877188708523,93.64502761394557,93.41186217653282,93.05661606108713,92.45098444662133,91.0161393135156,97.22
70,0.35,5,94.1713070426889,94.02962919636231,93.86752195736538,93.69206522627469,93.50033096673528,93.30625605841215,93.08913413796675,92.75705307749708,92.17282964925754,91.32016403256362,97.08
70,0.4,5,94.58423336996853,94.46099392208554,94.31989862977372,94.11157691537275,93.87204407058185,93.63881379507617,93.3920054988408,93.12737516832651,92.66022807105374,92.0669629205487,97.26
70,0.45,5,94.30704038962439,94.18813633878804,94.03060103884911,93.88527160548067,93.71972945849781,93.52612176194286,93.26883158636453,92.95705427724216,92.49739391840166,91.45259824380157,97.13
70,0.5,5,94.49870289604674,94.37973926794625,94.21937079518032,93.98697085843044,93.69967337426465,93.38793994233332,93.05166486708688,92.59761993204553,92.00135810994202,91.04768863672264,97.2
75,0.05,5,93.94957962531996,93.78730896741257,93.63703225535498,93.46334042754023,93.27857362164475,93.03539955687617,92.74371426407713,92.39227154888486,91.99869481480859,91.42828884011325,97.01
75,0.1,5,94.28860468052437,94.13499578777203,93.97735691336509,93.81042931383239,93.60701670417953,93.36089832649196,93.10240646487111,92.83924360510659,92.49972422251166,91.94538668200734,97.11
75,0.15,5,93.73656503161055,93.55762159512963,93.37391975717131,93.18464296397143,92.98209112783557,92.81592742433284,92.53112002497869,92.20183643011961,91.78529279398971,90.93717812356175,96.9
75,0.2,5,93.87058753612467,93.70583336387757,93.53488784686353,93.35478908826356,93.11151431606153,92.85600943703898,92.51042966878362,92.14238185023326,91.71459075385643,90.67463591223134,96.91
75,0.25,5,93.68942196162608,93.54373202208063,93.36342654735562,93.1648260783518,92.99577140812949,92.73097293607712,92.51194937576622,92.14308422058738,91.72682132703207,91.1908235715717,96.86
75,0.3,5,93.93056855515107,93.80956981562554,93.64515320153546,93.41656873215913,93.09717815144822,92.76730080402778,92.43842287400427,92.09181653441699,91.62796295395033,90.96779888391202,96.91
75,0.35,5,93.94569633770428,93.76386729226523,93.59503290026247,93.45700813328061,93.25994097518235,93.05080629682134,92.76052658897294,92.31417805036081,91.74079699135822,90.99735862752452,96.89
75,0.4,5,93.86127050901324,93.74558913052418,93.61246514628463,93.44545780800527,93.23162073226342,92.95890347757638,92.64828829845351,92.29448873027188,91.90778302299965,91.12641304430801,96.91
75,0.45,5,94.04142451801435,93.91094084166801,93.78765118670975,93.614272222238,93.41640701566241,93.1512244549328,92.89219634126577,92.5749373018311,92.09958609933162,91.57876170739502,96.96
75,0.5,5,93.59364537681714,93.4419413644539,93.26870165276031,93.06936982848919,92.8318267440519,92.61371982102193,92.30153091351906,91.93727130990742,91.33868415566995,90.60367408281485,96.77
80,0.05,5,93.60250138630853,93.43887148299645,93.2657550062559,93.08254562717075,92.8988979651399,92.67620538570854,92.41233657146671,92.11366523726413,91.77671362237011,91.30314717327147,96.75
80,0.1,5,93.69498086392304,93.56664740847678,93.42781303045528,93.23732850148839,93.0159356194526,92.7282345803521,92.33391409124346,91.9840548302068,91.42331071681926,90.73409952655061,96.79
80,0.15,5,93.56576558452753,93.42624424174309,93.24395847009217,92.99649925180675,92.70554283916942,92.40470250720331,91.89223447563708,91.32038477902226,90.78994441109678,90.0828287243666,96.74
80,0.2,5,93.73398095036701,93.62790763517208,93.48221939922307,93.29213836794821,93.03043601680203,92.75418638570876,92.4609100486462,92.06937290363167,91.63261650180328,91.01534094301134,96.75
80,0.25,5,93.60056673314463,93.454833591635,93.29995659181148,93.08734830931694,92.89019804527035,92.65741297865377,92.42028403098317,92.17295805694644,91.73548609082722,90.48038732677459,96.76
80,0.3,5,93.24914684375874,93.0978443236693,92.9396347314512,92.77428663109049,92.57042101327282,92.36598936688377,92.04165028587371,91.69889980241238,91.22550573120023,90.6456865050245,96.68
80,0.35,5,93.66873911256926,93.51405191575537,93.32593947088674,93.13135465633718,92.90169007183073,92.66900710255693,92.42026693894334,92.01844241792625,91.28852377707852,89.9157241058456,96.74
80,0.4,5,93.3941445126838,93.21510966495796,92.98096343322169,92.76007361367891,92.55729180347949,92.27595314314289,91.915499815164,91.43009780528757,90.95469206225415,90.28530567526136,96.6
80,0.45,5,93.25100919578652,93.0782994830492,92.90377333345359,92.69719622807584,92.48211683955596,92.26622223693022,91.98831577893603,91.68850242606645,91.0921483650583,90.2198228368575,96.6
80,0.5,5,92.74854149390134,92.60655010521025,92.46865334119036,92.30505612458937,92.13043656521128,91.77907661110052,91.43058881835663,91.00108183997133,90.551895439556,89.70211993494621,96.4
85,0.05,5,92.67488409367037,92.4899648016937,92.28088143218203,92.00175384626641,91.70217597887947,91.38536578089219,91.10161986217898,90.69948328782394,90.04110698746624,88.44259390066554,96.23
85,0.1,5,92.8568145792798,92.66716447160958,92.47092746675108,92.26366809112399,92.05767270085909,91.77506590513718,91.46053654436908,91.086647421171,90.73495972607809,90.17110915962732,96.39
85,0.15,5,92.86678153789033,92.68700573293293,92.49919583882622,92.29269399355911,92.11097957273469,91.87308023351304,91.55060990766647,91.19668413787167,90.7620134969462,90.42028735534959,96.36
85,0.2,5,92.68524599886395,92.50443314347,92.31447911695125,92.11531533144404,91.93966320734184,91.67208344899485,91.25192000863656,90.89300953760514,90.40302376591283,89.75522931105515,96.25
85,0.25,5,93.00154722875011,92.82501576018483,92.62386600564356,92.39039330981969,92.18129644349337,91.92014436250179,91.48770835548939,90.97806852327813,90.54542807867733,89.78702344240442,96.44
85,0.3,5,92.69167590920438,92.50178877764178,92.29659368226662,92.0740593569019,91.80687781598725,91.52568126674343,91.17683024763313,90.67026467930265,89.85293851377916,88.61783007769104,96.19
85,0.35,5,92.78796522595405,92.54840626177963,92.32809617760665,92.11863322414925,91.86104279825153,91.54687914236386,91.21678421422209,90.68957916462716,90.08486449874898,89.03852493027287,96.29
85,0.4,5,92.97442749319943,92.81726365600622,92.67139445940843,92.45463303959039,92.2227832890204,91.93626737426385,91.63484990483846,91.29399075495411,90.63856445297218,89.75421397472432,96.38
85,0.45,5,92.61714446051693,92.47179635115498,92.32723925191698,92.19581601087695,92.04240207162358,91.8179539800059,91.54239809091524,91.1511061413582,90.59072019921959,89.32751073781398,96.24
85,0.5,5,92.95439247380801,92.8008292279574,92.59374768922928,92.41940436789757,92.18404612333958,91.80550683567549,91.3551071298478,90.91874785863637,90.28395665498614,89.45423652148978,96.38
90,0.05,5,92.56728030779976,92.37196536215896,92.13972953513861,91.94778575050799,91.75032738198796,91.47252028706545,91.22853603317868,90.79212989208834,90.2254330897635,89.45319147595765,96.21
90,0.1,5,92.12962623533309,91.92886373490245,91.67634035385116,91.36032347481358,91.06223745932645,90.66148736866585,90.27095635343801,89.91093106889343,89.49378305853695,87.47969063474606,95.95
90,0.15,5,92.22039143681472,92.02380102005596,91.8309334447019,91.6514789013516,91.39498293019594,91.06643494648009,90.65867586052914,90.03657520279083,89.1304605977858,87.86275972158722,95.99
90,0.2,5,92.5155751191987,92.34450004103807,92.14427853198735,91.89319352640939,91.66671962918046,91.36614867254309,90.91920489177183,90.2680309632572,89.43009758679037,88.10209642672709,96.11
90,0.25,5,91.63108975146869,91.44462930131525,91.24990273909262,91.03945748653584,90.71864813028756,90.44525730876668,90.13159634283433,89.5744222219983,88.9600887472987,87.93900025784507,95.78
90,0.3,5,92.67221709115735,92.52388081145558,92.36664133343842,92.16181436663506,91.90754135777965,91.68359614831138,91.42454814533993,91.18441653493036,90.74955920213436,89.75351380366041,96.15
90,0.35,5,92.07830261392124,91.90934453798485,91.75072189292409,91.54153843254961,91.31478292703852,91.07264704626718,90.75762994539333,90.37447859252234,90.06224687606569,89.31917147535373,95.95
90,0.4,5,91.68075962935877,91.46851328400172,91.23466009897356,90.97359464196884,90.70760376625165,90.38079380959479,90.06731197826926,89.72181467298931,89.1705009654728,87.62907676841272,95.75
90,0.45,5,92.33655826941285,92.18950092597943,91.9790443513143,91.81517671152122,91.6006314014156,91.3776058359968,91.00523407227277,90.60970309774326,90.13287452126877,88.9878120147014,95.97
90,0.5,5,92.37730380273536,92.20103222353897,91.99835811307963,91.79457031602351,91.4462929945419,91.08999084185432,90.68984137724819,90.30901239598433,89.91867833911006,88.9886427552763,96.07
95,0.05,5,91.88579132742838,91.73397384896711,91.54104842014057,91.35317772782658,91.18737720417559,90.94043197540586,90.55527982845335,90.1740258354115,89.69900005568435,89.128904576055,95.8
95,0.1,5,91.32266814803417,91.08054854893399,90.84921000065998,90.57113120775028,90.25884337535173,89.94957873398576,89.65557046735995,89.09678391746323,88.34839601527364,87.22017220246667,95.55
95,0.15,5,91.40986367718449,91.23165921302719,91.01832392078401,90.78187599644178,90.56730939800475,90.2988705789669,89.95103789049729,89.4665356195261,88.90743464774792,88.16305074491493,95.58
95,0.2,5,91.86939280793685,91.68265258823175,91.46045529990137,91.24920396453399,90.99564186774046,90.61774024132286,90.20252257317924,89.67599658052671,89.07246106176527,88.18767501086823,95.72
95,0.25,5,91.4719767105542,91.29959788969657,91.07803623360375,90.87372276958317,90.6725002445416,90.4107774456564,90.1810117434232,89.8369616150215,89.18748137455556,87.11227421236909,95.67
95,0.3,5,91.41341388124704,91.21778402026142,91.00377149869634,90.78981201804349,90.55709814471166,90.22654542690344,89.86528507947943,89.41559150764394,88.78378044132563,88.10240983060055,95.6
95,0.35,5,91.37426681408559,91.21648507315766,91.01348416478092,90.80287352580383,90.48858515730852,90.00128416869983,89.32336884497009,88.5479711080016,87.60918643648154,86.81522401502258,95.57
95,0.4,5,91.70863065631212,91.48177455869066,91.23223731496238,90.93227531986551,90.54207247471763,90.21732507602813,89.76602391117059,89.17353132705708,88.51828307178076,87.65633622681011,95.61
95,0.45,5,91.8406407478568,91.59731873043116,91.38871308960204,91.12629881051045,90.88500418406407,90.64007104231275,90.28144186270022,89.8916143217322,89.42810821567834,88.45147017833428,95.71
95,0.5,5,91.85112216262608,91.66786823483048,91.48802340844233,91.33043722991705,91.11569520510102,90.85326346127957,90.59688026176661,90.2865715506364,89.85227081203631,89.2199977389245,95.77
100,0.05,5,91.48757086227394,91.3068711415246,91.03136367359863,90.80912667541268,90.53461403395087,90.14555706964886,89.70783774923044,89.2575133504895,88.53712779021777,87.42300466415674,95.52
100,0.1,5,90.52861085453247,90.34732656021812,90.06762818507806,89.76536748287643,89.51660269913422,89.02061685089816,88.55127673914934,88.01569720295026,87.268388084795,85.7203858982339,95.11
100,0.15,5,91.50278580358994,91.2559235921928,90.98552325776267,90.65680405003872,90.38063213599196,90.08480002534144,89.70303195135904,89.25617276495048,88.792730806078,87.67148922776909,95.58
100,0.2,5,91.11564948831654,90.91126495462208,90.68473762782301,90.50328290166969,90.26326273354302,90.01046140130327,89.67675661408403,89.34122097583027,88.97961227176405,88.52204434306536,95.41
100,0.25,5,91.57395917862769,91.43096687981303,91.24628625475498,91.02987473386781,90.81900353634484,90.61932397825616,90.35891917425992,90.01068363462404,89.23844590645945,87.57624064135095,95.53
100,0.3,5,91.03270357038237,90.84325547794796,90.65232298640808,90.37686722971706,90.08308039562576,89.69762470434372,89.2915921645107,88.6849457949885,88.02204576968931,86.07819804725543,95.33
100,0.35,5,91.08114244468912,90.90514006079871,90.69904163409755,90.45525342117595,90.18169295349915,89.84425242917139,89.50266026354255,89.0079977305395,88.53653802355055,87.75435434736178,95.29
100,0.4,5,91.28575157985382,90.9910092636473,90.70719492465822,90.34485216145129,89.9537511691702,89.58630865851654,89.26918085076713,88.68177240053055,88.02703604566572,87.23034857656612,95.46
100,0.45,5,90.97073107650893,90.76732818579013,90.51311387740242,90.28594464253956,90.04791791129499,89.76883853740364,89.4656619980247,89.06339692464054,88.54045424659284,87.65716607546457,95.36
100,0.5,5,90.23483083621714,89.97743782346271,89.7322828039008,89.46093442627777,89.10438399658018,88.82844473582,88.43713763912056,87.9538367761302,87.25592139884768,85.8623584088555,95.02
