,time,speed,current
0,0.014,0.04115783814249832,5.124210629045869
1,0.079,11.726816593430508,42.20522599720436
2,0.151,164.81437185382117,103.61550849212601
3,0.201,445.25122438689834,141.50701276084263
4,0.275,1157.9694274393212,181.54467896438297
5,0.334,1880.908004279293,193.14017539482774
6,0.402,2675.7104124453354,185.23492492824735
7,0.448,3072.7554513793357,153.83299189187997
8,0.516,3211.9071759073345,91.47403573625554
9,0.564,3136.4447276398823,63.54810979127805
10,0.63,2953.4961128692494,39.25094566372788
11,0.675,2806.5281262702033,44.916038195386285
12,0.728,2707.1619526947766,73.46433004692963
13,0.775,2682.8437589362943,92.05361761314948
14,0.86,2771.2976265453703,114.79829829473773
15,0.91,2886.2267051841113,122.5650271572918
16,0.955,3011.8718070011205,124.56961356538771
17,1.014,3111.1321282609993,97.78625434012984
18,1.079,3023.9955054099355,60.823993459629094
19,1.128,2899.515419096202,54.170047194107816
20,1.21,2798.1139190212907,89.03424558668266
21,1.268,2821.9091511445513,106.14556462352934
22,1.356,2965.1758260454994,120.38316363591152
23,1.411,3072.5202201360694,105.02030554849006
24,1.446,3056.715658672971,79.31300043906182
25,1.491,2969.281451528192,56.97568077303219
26,1.551,2833.075820893694,65.48553089122201
27,1.605,2778.393415331406,88.34266020194066
28,1.647,2790.3326111544816,102.75984888420928
29,1.741,2923.6492749068943,119.3131306593539
30,1.806,3070.480117744036,124.55905665463813
31,1.871,3170.4843846171384,93.18907399143704
32,1.95,3036.8542878758863,53.35299443149164
33,2.08,2723.5730655635352,68.15800802218932
34,2.149,2686.976616102323,95.86489780364124
35,2.212,2755.570506273243,112.86526177642327
36,2.316,2987.0104619752037,125.77857671543694
37,2.359,3099.330873489009,112.98580637129795
38,2.408,3086.832349434693,77.41816595481501
39,2.452,3004.961762060482,57.33549953889048
40,2.488,2899.619736792783,54.92327275674579
41,2.531,2819.55271157864,78.07249566367545
42,2.589,2803.8893380556237,98.91442471776409
43,2.643,2862.879844526349,112.37348077055482
44,2.69,2945.9339418246104,119.21544755238939
45,2.749,3040.919727791973,96.66714563106476
46,2.8,2982.8525069859497,66.33149430424028
47,2.896,2808.6228067707116,80.9592987069823
48,2.978,2819.857694756152,105.96761596360287
49,3.021,2881.097606873493,114.75789034130511
50,3.079,3004.77373399835,122.10442192438994
51,3.139,3125.2490253439564,105.18676381433609
52,3.188,3087.270983402926,72.06604840676431
53,3.252,2934.1163307401093,45.4703590618359
54,3.299,2791.906854813968,49.12481226235652
55,3.333,2728.3359341043224,66.7419328731852
56,3.369,2692.995533132581,81.37573370010091
57,3.412,2689.740999183229,97.64474916719988
58,3.467,2752.5524806453473,112.44116781871641
59,3.528,2878.3113500153245,122.09523160446132
60,3.575,3002.6178329566565,126.0987104503589
61,3.657,3184.0549546242014,110.10755366568841
62,3.704,3181.367738756471,86.39480904424327
63,3.767,3069.438143104866,55.719891486873095
64,3.811,2942.196833541735,58.17668780834434
65,3.874,2852.861741058273,87.26089596914322
66,3.923,2859.4548757701245,102.59937543467572
67,3.963,2905.9855019913693,111.84147539150976
68,4.125,3163.3345278146057,123.96641080665827
69,4.176,3251.1674305291167,101.37708529655208
70,4.219,3209.3949728633947,73.151907389385
71,4.28,3070.385140419257,47.98669350560391
72,4.321,2941.9770275424507,51.31429579176717
73,4.366,2852.931396174501,74.90285869708461
74,4.417,2822.6960570386436,92.90029841834289
75,4.473,2857.828707448406,108.33696425663442
76,4.507,2905.5606758970966,114.51838092469458
77,4.544,2955.822510512558,118.36132880104648
78,4.577,3008.722843031483,112.46851927402355
79,4.656,2959.0896244038395,64.84045249816099
80,4.703,2855.0243631391013,66.74288606848222
81,4.742,2809.5276377358255,83.3122246142567
82,4.781,2802.6867918706585,97.23721711362246
83,4.837,2856.710404273223,111.46509187928635
84,4.898,2970.417778294058,120.4308305753062
85,4.948,3066.374250944558,102.77086293576353
86,5.005,3018.379540461276,68.78217185321826
87,5.051,2926.9214016088094,68.17666475786639
88,5.102,2872.7726247611463,89.10065512843391
89,5.139,2876.818839559511,101.07706005688311
90,5.188,2922.195863163971,111.23773090039836
91,5.222,2960.9297499237696,115.29636128007195
92,5.258,3018.3178707614097,110.15108344544903
93,5.313,2995.799292221561,73.4378959230426
94,5.367,2888.797915034386,69.46159194720987
95,5.415,2841.225250396084,89.83621462917988
96,5.481,2869.3925747798903,107.42628514941505
97,5.524,2933.785502618204,115.54590053140859
98,5.56,2999.4193884778674,108.44234072233813
99,5.634,2950.411908840668,66.4373660787033
100,5.691,2822.623687307982,64.80488023977229
101,5.745,2765.9889976789827,89.19270988702114
102,5.794,2785.9652845224737,104.7961995143909
103,5.841,2858.668519062111,115.44189980060982
104,5.891,2952.2600479978773,121.40317812356781
105,5.932,3019.8531660058757,112.39569377411063
106,6.0,2985.0828212985357,68.7867707976571
107,6.089,2808.65701217353,71.9987213419851
108,6.136,2773.8378155020673,91.28199405059843
109,6.203,2814.677774777542,109.03598706452439
110,6.279,2952.563784553907,120.97712385240345
111,6.334,3050.9981845910743,98.50653746410816
112,6.392,2982.95023986004,64.09427304234354
113,6.443,2869.2074192332825,68.32510731837914
114,6.495,2818.955367463444,90.787758938087
115,6.55,2847.696703194312,107.19733953566994
116,6.586,2902.4657541684733,114.6337595507917
117,6.627,2986.571614357737,120.26550599625298
118,6.694,3095.5492627684152,100.09218634403398
119,6.745,3039.617871457693,67.40439664160051
120,6.804,2924.554011340023,72.9241155762303
121,6.847,2887.8081002194294,87.74632089746837
122,6.881,2884.6980715307213,97.84914968825645
123,6.919,2909.3158076185596,107.05522921059112
124,7.01,3043.34686075619,119.58236639734254
125,7.069,3131.5573075229095,97.71712369279248
126,7.11,3085.3703095528563,70.48713603788251
127,7.155,2973.385969760141,49.830627376972515
128,7.214,2803.289842293001,53.195926642858716
129,7.273,2715.5022153101936,82.94024648620238
130,7.319,2715.071789616321,98.69445339073226
131,7.379,2788.8985193234475,113.95743503829294
132,7.489,3027.203351430325,125.82337496683645
133,7.545,3133.4632997678673,99.79418485297457
134,7.635,2993.37156958394,52.29871324599456
135,7.677,2871.8391138108336,54.33012524527112
136,7.796,2784.086466903866,101.75178687258672
137,7.896,2934.706438789399,120.13228609503764
138,7.948,3044.3386723839917,106.40653275228516
139,8.006,3009.6117182925286,71.41811245934453
140,8.041,2929.9641976927096,66.15112010341961
141,8.097,2868.024899316211,89.66408057419237
142,8.14,2878.1550731725674,103.20255518327023
143,8.2,2953.64993895674,115.02061752070189
144,8.303,3111.1472818775214,94.36881981976208
145,8.371,3005.3655740744525,57.33452349436759
146,8.419,2876.561662480767,59.29303853616896
147,8.464,2807.413392615694,81.29253104319021
148,8.505,2795.8820666647403,95.96926015183645
149,8.545,2824.747880837275,107.1441313259803
150,8.592,2897.960526596201,116.28178065917847
151,8.639,3002.429193075564,122.04118781547803
152,8.714,3110.665156130736,90.97141728984087
153,8.788,2981.25926628983,53.29213121528878
154,8.839,2846.612265368845,60.7278220692903
155,8.889,2778.4858480850207,85.07763475531478
156,8.952,2793.519549402207,104.72139866045485
157,9.024,2904.952319660612,118.38271068141437
158,9.091,3059.003601631998,124.4386913426316
159,9.219,3185.4252338336155,75.75597212014516
160,9.319,2928.5288541438877,36.87334856980423
161,9.375,2747.6718252147107,38.34130474498017
162,9.459,2611.5193011750507,84.27838347520797
163,9.507,2627.743200410471,102.60767750491581
164,9.572,2737.0415960791624,118.2517926349158
165,9.616,2841.7686142901944,124.24247321996609
166,9.667,2995.240125283246,128.22938978843723
167,9.704,3100.2187615123444,117.10782909113024
168,9.766,3084.454199977478,73.79490643269214
169,9.814,2971.667963995827,51.135386215337846
170,9.854,2864.6393589867716,53.12999368194993
171,9.897,2784.8028749917107,76.28361179093658
172,9.955,2765.9738482809375,97.75825012300005
173,9.993,2799.398389617503,108.25033378662393
174,10.037,2873.481672692746,116.90156979588036
175,10.09,2993.52747284609,123.0894246061543
176,10.129,3088.7822421641436,112.51778424871749
177,10.248,2942.4283865535353,49.58228724966888
178,10.3,2808.8285920743356,52.258719812949344
179,10.345,2731.6865549590534,75.51171711471672
180,10.379,2715.859808229355,83.87202396396752
181,10.417,2710.974389837959,93.39916090970203
182,10.471,2749.1158816976463,108.17664741103077
183,10.522,2839.891568129326,118.29470149101009
184,10.564,2945.624672246845,123.62545009290533
185,10.618,3056.4274372417076,104.06769515461319
186,10.677,3004.0515180029533,67.28335484003144
187,10.728,2883.569941902102,63.77533401183802
188,10.783,2820.4739320808753,86.9233760514453
189,10.838,2831.2519299352425,103.54667061214685
190,10.883,2883.6329005063953,112.87585242350794
191,10.923,2954.9176725969187,118.70355201293074
192,10.961,3037.475149197137,110.72569128304619
193,11.028,2997.534879306185,68.38638044458206
194,11.074,2898.58365763372,65.72065390564975
195,11.133,2837.057079036503,90.99060581236377
196,11.187,2863.0454848820013,106.77424683153792
197,11.226,2923.0880663079756,114.899253658242
198,11.27,3016.7488043553203,120.7092021981149
199,11.33,3137.2875788339365,105.624602900913
200,11.405,3056.946231979754,61.900882740443436
201,11.452,2931.383083027691,43.92291147877018
202,11.512,2763.113016030711,57.42120738843704
203,11.56,2693.7717407815835,82.75811676699747
204,11.609,2696.47410942366,99.81979069822067
205,11.651,2734.28206002209,109.43765638406212
206,11.711,2846.6438571046556,120.26519857164695
207,11.77,2997.622285442858,125.9064039158128
208,11.839,3125.382934796602,97.70630945205548
209,11.891,3060.9131787361994,65.75793616544946
210,11.936,2942.1934430638107,56.80427095095925
211,11.989,2823.108731099133,70.63426549411666
212,12.061,2787.452841058687,98.5627699171653
213,12.113,2844.0315160157124,111.98497690265033
214,12.173,2963.8475126179924,121.01200754169713
215,12.216,3059.537828003483,107.99287982853431
216,12.256,3043.8436354255277,77.86489644466563
217,12.299,2954.2222084722234,56.013066954878674
218,12.344,2831.198389449586,57.859649391020056
219,12.392,2759.096293867677,81.99815031668506
220,12.451,2764.3922196955837,102.80851448908219
221,12.496,2823.6800702255887,113.42893567941499
222,12.584,3012.551112206158,124.13915860358625
223,12.622,3106.3995134279303,113.19048087951943
224,12.673,3089.6668630009403,75.84505949278729
225,12.74,2947.4033115167313,48.065865728224146
226,12.81,2767.0007461563255,62.12127691213867
227,12.876,2706.2231001437576,91.67646869085304
228,12.925,2737.848367495668,106.7798509649336
229,12.972,2819.204981612523,117.05324578834787
230,13.056,3023.1052945073807,125.8301649833071
231,13.105,3145.941147658473,111.02127381651313
232,13.144,3142.415614704042,84.1670682109955
233,13.185,3081.649735462757,64.2787608762371
234,13.242,2936.8091954567776,43.128258528076486
235,13.315,2744.990107441706,62.50772111571828
236,13.37,2688.0624721034765,88.621495897932
237,13.416,2711.3655563398133,104.81844151340854
238,13.467,2792.0105342424354,116.32247539009533
239,13.509,2893.0800721946957,122.63008923810789
240,13.573,3007.500264253415,94.74465803719538
241,13.636,2923.1119702064025,60.241383023284214
242,13.69,2797.1553276840054,63.402869037106036
243,13.73,2745.983617465183,82.30917826173103
244,13.775,2743.3457318050314,98.90926490351134
245,13.827,2802.013028944975,112.2562646940388
246,13.873,2876.897660741354,118.93742552351893
247,13.911,2932.127700287564,121.87465375767628
248,13.979,3057.068041807576,112.35443129159033
249,14.02,3082.2430701252456,95.27892443834637
250,14.081,2999.469605044621,61.326917445127485
251,14.124,2902.4709780143703,56.64652066975656
252,14.182,2818.505558014937,82.76091433875075
253,14.268,2838.464351926016,107.31589380479889
254,14.331,2939.0156355812583,118.25474248858912
255,14.373,3020.443570591877,106.86679572244486
256,14.442,2967.909038966463,66.08674479454153
257,14.479,2890.477525889871,63.909248907487715
258,14.564,2824.8166419051377,97.15412915964454
259,14.647,2909.5140166682877,114.86186065094086
260,14.683,2974.1847482904022,119.39183926956633
261,14.739,3059.810681890947,97.73526158392607
262,14.81,2970.544625056769,59.87875916474976
263,14.86,2850.619777236651,63.12465338238526
264,14.895,2797.8001584948042,80.86215219249317
265,14.934,2786.0756887170205,96.0979048572897
266,14.97,2814.708458918098,107.06347868585205
267,15.02,2893.974635564211,116.76082291494606
268,15.063,2984.321389974925,121.80183318410978
269,15.112,3089.399593258775,107.22426357325544
270,15.157,3064.3311630391718,75.13410998070623
271,15.243,2882.173042882909,43.19686250132067
272,15.304,2716.567474081439,57.817056068572676
273,15.356,2649.8097290833934,84.94756265311602
274,15.424,2681.6847664732377,106.90629264919137
275,15.49,2807.6285524004006,120.45591847643493
276,15.53,2917.984201335977,125.30149775781265
277,15.596,3083.977051126274,110.41408335324877
278,15.639,3073.6348363821103,79.4913058141745
279,15.687,2974.2037352515467,55.16402750120232
280,15.732,2853.475460110658,58.90871388332057
281,15.789,2778.405270533632,85.04834959082308
282,15.852,2795.4397194934877,105.24783975424742
283,15.911,2885.9194831633586,117.04649947016492
284,15.955,2981.409883208118,122.21802998729797
285,15.995,3060.449675195188,108.94746967307931
286,16.039,3045.1019024624306,77.57411258478369
287,16.092,2929.4021362112853,51.94186829559263
288,16.151,2782.4260679921613,62.640641926166374
289,16.186,2737.80006127982,78.02313568758287
290,16.228,2721.7857057761075,91.81605201011841
291,16.268,2745.4594856124245,105.08476983183533
292,16.327,2838.866674386914,117.37821018304668
293,16.377,2959.6467335922275,123.6343119671687
294,16.432,3074.0141343202677,102.68157409181185
295,16.493,3016.843847026838,66.56076951884853
296,16.563,2850.0482301943684,58.43646461029319
297,16.614,2774.637279640372,84.32933683812146
298,16.665,2776.5315602118694,100.50364815740593
299,16.755,2900.8906177237063,118.43822219806013
300,16.796,2996.925617056412,122.96211830992314
301,16.86,3100.5893000095175,97.9315974487013
302,16.926,3012.119187110718,60.45814303079683
303,16.963,2910.71520786102,58.07263758454271
304,17.011,2833.5914691458424,81.65718066356756
305,17.054,2822.266954559727,97.09746927442976
306,17.108,2865.028252253111,109.89802034556408
307,17.148,2934.8841183119066,117.12578270729483
308,17.2,3028.15122987271,103.13942676574405
309,17.261,2974.472660370274,66.71007257746383
310,17.335,2810.6832689696075,59.602132026183064
311,17.372,2750.572375920523,79.68709840713235
312,17.411,2738.202925777916,94.77702498458464
313,17.453,2764.697851076964,106.11551438672824
314,17.512,2835.218077342727,115.79094870385217
315,17.575,2978.0405898938293,123.6045353428514
316,17.632,3117.1429106882388,110.86269968108202
317,17.672,3107.616731975763,80.38500759031841
318,17.714,3027.006061793735,58.81764359873909
319,17.752,2954.386368147002,61.15147633210657
320,17.811,2874.481104961827,87.61513464812197
321,17.909,2929.9764369383765,112.22337625613605
322,17.965,3023.47594782064,119.32658622460825
323,18.004,3103.29138774398,107.7611094873476
324,18.062,3062.410481234323,70.22851786096297
325,18.133,2891.3803296875303,42.78783277646014
326,18.177,2760.834358323262,49.808439171039524
327,18.223,2675.923415010329,76.61722906920228
328,18.287,2674.096448826181,101.60182878676149
329,18.334,2743.669384839803,114.21978058906156
330,18.384,2856.071858776127,122.33794057259547
331,18.424,2960.7758624464564,125.99517436158058
332,18.462,3068.949181466025,117.43565991005153
333,18.513,3076.7024428261143,82.4942854981724
334,18.552,3007.7127124354392,61.59354925309313
335,18.591,2905.601688189642,60.699611810946955
336,18.643,2832.4254989263445,85.01342770379743
337,18.708,2846.5945374941907,105.4216453064965
338,18.789,2965.544909291085,118.77653131445457
339,18.843,3065.5821764635657,103.25667942662788
340,18.905,3004.892506947545,65.52634678498872
341,18.963,2876.1275252488567,66.28752615732286
342,19.007,2822.8665816555554,86.39837765523379
343,19.046,2824.3039022286957,100.16429643997492
344,19.116,2906.8130626602024,115.06161658375481
345,19.159,2999.4058841374554,120.85461230754062
346,19.207,3108.80298841215,113.09868541409996
347,19.262,3101.9781375576217,80.01158102018516
348,19.307,3020.215487543616,58.445826855252086
349,19.368,2873.019308590921,57.75066336457102
350,19.418,2796.692514637419,82.22709573217526
351,19.478,2797.9034380375338,102.14114414477542
352,19.516,2842.557790573006,111.41233137638748
353,19.55,2908.2052535587827,117.69738709003936
354,19.601,3015.75721484424,116.22679262537501
355,19.652,3061.6940261084687,92.58066594615033
356,19.686,3022.861399712009,71.48394778934681
357,19.736,2911.4700696634277,65.46119868554712
358,19.783,2852.2184201920086,86.71680029483974
359,19.838,2861.3924952663933,103.70060517892179
360,19.894,2936.7609605049106,115.17781578665743
361,19.952,3047.705108858849,114.27573154145404
362,19.994,3087.037648202814,95.52187742125508
363,20.04,3026.7056054744085,66.25863266212515
364,20.091,2913.826122230847,68.69066896722211
365,20.147,2860.44483258263,91.67118317410639
366,20.206,2890.691906566938,107.79183926904408
367,20.252,2957.1621228711433,115.81344380221054
368,20.295,3017.368333597215,102.92394356362202
369,20.339,2987.4189507109863,73.41561166404584
370,20.39,2891.8910948443286,73.59628863373707
371,20.44,2855.0928790611138,93.24519337988832
372,20.48,2873.6828023899398,105.00414179999991
373,20.528,2935.920055275549,114.38011740990594
374,20.602,3081.806567752248,121.4060101648808
375,20.658,3164.8470615090137,96.85455904670695
376,20.73,3051.61322251599,56.69028636538981
377,20.775,2938.781504215481,53.855514933681036
378,20.81,2885.974933599982,67.06258120721704
379,20.862,2830.8137388804394,89.86188549816444
380,20.91,2846.8807909000348,104.43981642778795
381,20.957,2900.2982748852296,113.31400419650842
382,20.995,2948.0229489747517,117.40723081553922
383,21.053,3025.789889503104,98.73007154562531
384,21.106,2970.2945558858587,66.7270974318505
385,21.207,2770.4487333820684,79.02619873678735
386,21.249,2755.6127131491853,94.65955263852197
387,21.299,2794.826196953991,108.72566013642457
388,21.351,2889.7594253860243,118.6092013014793
389,21.392,2993.5479691056034,123.39129364564828
390,21.44,3102.7435371386778,108.4184549568565
391,21.497,3072.5945052977986,73.24459565656366
392,21.537,2986.94431243075,54.811220901381496
393,21.593,2829.7325399637352,55.247138211983014
394,21.648,2746.579310487994,83.11448258390739
395,21.687,2744.1415442770744,98.31727528892284
396,21.731,2793.952684874285,110.94626506080567
397,21.771,2874.2539759035976,118.64209083980154
398,21.809,2964.2682218254668,123.05721146496073
399,21.861,3084.7588366873915,107.38207600580643
400,21.902,3065.8974845067996,77.33785413367606
401,21.973,2906.287241675757,46.32081445000321
402,22.028,2749.864541738159,56.86073827727715
403,22.082,2677.6280617914167,84.44243390502908
404,22.154,2711.535974692148,107.73029427156175
405,22.216,2830.5586191651487,120.15601225847739
406,22.263,2948.8098777861833,125.18001131159681
407,22.306,3065.3725950894786,114.6712471193718
408,22.344,3080.465733214985,93.7850672945282
409,22.416,2965.841789437589,55.56430552648143
410,22.466,2831.8957587202663,60.10903774596012
411,22.508,2767.1877295837144,82.27186507882284
412,22.545,2760.090133254608,96.58421355412318
413,22.594,2804.4910376243024,109.85270981674657
414,22.646,2896.2078315707217,118.82764854006253
415,22.7,3026.372319578793,124.20116590004255
416,22.737,3115.8077674576666,112.16499564051779
417,22.782,3104.054243322742,78.59062145392397
418,22.822,3021.5898628418695,57.78948598937716
419,22.883,2859.4945487790637,51.99451015526609
420,22.924,2779.768809622718,74.70639067063316
421,22.959,2754.1999371432785,90.4264643528124
422,22.999,2771.7330367182144,103.81102155566123
423,23.052,2845.9315717836844,115.27358828986155
424,23.1,2947.0103415619733,121.71814105977421
425,23.156,3067.202950994402,114.53689924788787
426,23.204,3064.5365418751903,79.79228660924254
427,23.256,2962.6018574110767,54.82086418316369
428,23.303,2845.720918328682,59.510115769744864
429,23.367,2770.1122923844455,88.02005696794782
430,23.428,2794.803389577818,106.20109838162246
431,23.509,2922.7721550797833,119.76774694940428
432,23.586,3085.9014285794815,118.23740667790585
433,23.637,3157.2838256720174,101.1671306677261
434,23.676,3123.120739125991,74.37056156718477
435,23.73,3002.210465061801,50.42223662927503
436,23.783,2857.408781130418,56.78555088540372
437,23.828,2785.6689064048364,78.86505278402561
438,23.874,2770.6207773419683,96.07987910244915
439,23.913,2801.776653113285,107.49081709411024
440,23.971,2896.699023837487,118.10701455516974
441,24.009,2990.4194448509,122.7117336093406
442,24.131,3151.370107200959,83.13788752340781
443,24.167,3080.2378102726625,61.824041643225044
444,24.215,2955.5005360316236,64.37168312402169
445,24.259,2893.341088602377,84.12561608764466
446,24.302,2885.285581508734,98.88970752492789
447,24.37,2956.5612413470844,113.77981620112604
448,24.409,3020.716207313591,107.02418862989677
449,24.448,3019.2682848587656,85.20259164486848
450,24.485,2967.812129036268,65.96172046869196
451,24.518,2898.6326033691216,59.940634587060174
452,24.563,2838.5785242274355,77.72329727989934
453,24.607,2816.4781919186917,93.34357037218759
454,24.656,2845.6194181380597,107.1300482274893
455,24.717,2942.439710037273,117.91968631399169
456,24.76,3030.4938711356313,106.85124014222491
457,24.858,2919.055096487909,54.848814588923034
458,24.922,2747.0002708608877,51.05416939874885
459,24.986,2656.999143663658,82.9577416115855
460,25.027,2659.9168896767183,98.88028934513838
461,25.072,2712.9033791213183,111.3766881145369
462,25.139,2845.078677245761,122.22602637414032
463,25.185,2964.591034162663,126.35513793276567
464,25.23,3067.560855022033,110.08585832698824
465,25.28,3047.357006914167,75.30311744980425
466,25.322,2967.8407756463307,56.64598026854593
467,25.376,2825.9737262906983,54.335803583731725
468,25.428,2742.316566113253,81.62991556760225
469,25.475,2739.861052447186,99.47790597044394
470,25.524,2797.9124029270974,112.3061182218091
471,25.561,2862.426243802334,118.28781000095623
472,25.612,2973.637440139471,123.64146618391625
473,25.661,3075.3135148305228,107.56406753664722
474,25.714,3047.234519663934,73.71829794503351
475,25.755,2953.8040094502867,53.73439468820572
476,25.792,2859.9960086194765,53.12395722674636
477,25.838,2777.7683048224576,77.3983210036994
478,25.889,2760.9616283996306,96.94851920958405
479,25.939,2805.2497804568,109.8991419100901
480,25.997,2911.2436560792853,119.70098795646109
481,26.041,3010.8967124752176,121.62086050579757
482,26.087,3095.9600027518536,104.84589382741424
483,26.132,3065.6025048254387,74.11307644888326
484,26.183,2950.316165264657,50.8425609913539
485,26.231,2810.082789244364,49.611038422942954
486,26.279,2719.7025262022344,76.97211736020917
487,26.351,2719.544231160811,103.07768241999987
488,26.403,2797.941375423373,115.52224373385006
489,26.492,3001.8747545219826,125.5128922624854
490,26.543,3130.983336472241,111.70466192048299
491,26.586,3119.505702740174,79.32731060551964
492,26.634,3021.6067206856833,55.58567203581122
493,26.686,2877.038459131509,56.51618669969056
494,26.736,2796.0721174359237,82.09595090708656
495,26.773,2787.0908381745307,96.50384568650485
496,26.814,2821.3780181292964,108.23775501698431
497,26.865,2907.5416728898826,117.71007931229656
498,26.913,3018.2201898350404,122.95832338668501
499,26.952,3106.334037852321,112.91970453305514
500,27.024,3055.6960984959424,66.16119584630779
501,27.067,2954.9495828501276,49.070003932873306
502,27.107,2836.09178678899,51.034218233108355
503,27.156,2750.961465437195,76.09352265791411
504,27.204,2731.823947859287,95.70459414071951
505,27.247,2770.476275330293,108.64406621994867
506,27.305,2878.057552621356,119.49021649973047
507,27.352,2996.5046885000147,124.41944692103645
508,27.397,3101.3873731671774,108.13781708653221
509,27.478,3018.7138905931306,60.54307200686937
510,27.536,2878.820762486989,62.50552991984374
511,27.58,2819.055253515364,82.31555805379357
512,27.657,2833.983907267541,106.42450239770363
513,27.705,2906.114011337334,115.88014159651911
514,27.744,2988.1751030099867,120.86697383111942
515,27.814,3114.611200969862,99.36117639844191
516,27.878,3038.2546407471004,63.003132902643856
517,27.928,2910.4115778800306,54.83797376919189
518,27.979,2824.8224962923337,79.90222053204138
519,28.013,2808.6895435493507,91.62379043115779
520,28.056,2822.4792417607364,103.18300432420021
521,28.097,2867.9719445905657,111.9166721710829
522,28.142,2952.8231507075125,119.063035578433
523,28.201,3050.706429770502,99.67293328859296
524,28.248,3007.2641342559064,70.19934040484178
525,28.3,2904.48115088616,72.82896282923518
526,28.366,2864.8911478804275,96.05807096608056
527,28.419,2904.0275904302243,109.38018428396781
528,28.486,3013.4126716922738,119.1223624543159
529,28.522,3088.418491513428,109.48487401378898
530,28.56,3079.9812360423193,81.05856498180097
531,28.623,2949.186144974569,51.04687450917551
532,28.664,2831.645895900356,49.57471970141763
533,28.699,2762.8574014282567,68.30149279973521
534,28.735,2724.0763730084354,85.97607469096025
535,28.798,2748.532431541362,105.99504974465472
536,28.84,2817.5116646068573,115.63740310133427
537,28.884,2914.9308809409745,121.93124435856663
538,28.942,3044.1867887629137,107.46660901190863
539,29.008,2992.2297767152268,66.45136037058543
540,29.05,2899.1354961541624,63.8747483329985
541,29.104,2833.39640145768,88.33256695231266
542,29.151,2844.775779854135,103.46765037900047
543,29.196,2901.230568867485,113.29217766991724
544,29.278,3064.3528483462187,122.59130018546172
545,29.32,3146.544270585522,107.11278883306022
546,29.378,3097.671177503921,68.90837734644403
547,29.429,2972.934332077122,47.555368708689386
548,29.484,2827.088205794493,44.66781632646594
549,29.557,2708.0154446494316,81.51106289771505
550,29.596,2703.7181234199243,97.34215495137221
551,29.64,2752.6909208842626,110.51714867167446
552,29.694,2861.0316790659335,120.37154013019564
553,29.739,2984.0777650195646,125.18857997116694
554,29.784,3093.595432212608,112.85729091312126
555,29.842,3069.5039879300393,73.21381546363307
556,29.891,2952.454907145573,50.2652641595538
557,29.936,2824.2778150288486,56.09794678650332
558,29.983,2750.9218715466914,79.6099516620425
559,30.069,2752.3780634158948,102.73119440667743
560,30.201,2946.931544468671,122.49132674761069
561,30.339,3109.4870192284284,84.71740614179241
562,30.376,3042.1165280011182,62.85589373266226
563,30.416,2941.338315814166,61.97399900052926
564,30.491,2861.565094463179,92.60304274322783
565,30.566,2905.321143344088,110.03153888976983
566,30.627,3005.5822236951394,118.88086511814436
567,30.681,3098.5086639439014,101.05814291652523
568,30.739,3039.714552086817,66.66450372293988
569,30.855,2797.604024243494,75.17394961324582
570,30.894,2771.762098528944,92.2325810078585
571,30.932,2791.7097193781824,104.57842554950533
572,30.989,2878.8784944278927,116.59069267730423
573,31.051,3018.4606860601516,123.48734636526117
574,31.104,3129.163407387413,103.72660786392052
575,31.154,3082.3924600848663,69.85876086372751
576,31.202,2961.8272591596183,48.44185459467148
577,31.252,2817.8011850044168,56.70917548568594
578,31.303,2741.1934383792845,82.92963695694552
579,31.343,2738.9891419313935,98.45539659909674
580,31.404,2811.213664013365,113.74970792908499
581,31.448,2905.87633218476,120.82323630902846
582,31.494,3009.0841597028298,113.21270427565862
583,31.529,3020.1820358894524,88.17198576177718
584,31.572,2968.041094931744,66.6157121949404
585,31.619,2878.489836813146,63.76089274068448
586,31.675,2815.669488254015,87.00569971631964
587,31.722,2824.463247662372,102.7726629232113
588,31.775,2889.313525517804,113.97005807749736
589,31.815,2970.7868753243133,119.84158691513458
590,31.879,3067.066754064542,93.90734975812023
591,31.928,3003.939457839463,65.28982216332683
592,31.979,2886.9780185400414,67.64466611076902
593,32.02,2837.618317645827,86.28786042512401
594,32.075,2846.1273305474638,103.3947361649374
595,32.114,2891.913597688869,112.03419129039453
596,32.168,2994.2526990366246,119.9034664879636
597,32.212,3083.0263612672647,110.07148882184877
598,32.254,3073.7218247838564,80.15496164973206
599,32.309,2961.89071099116,53.470942348589034
600,32.35,2842.8648342188058,52.482218488490595
601,32.39,2768.7555540950934,73.72720227161307
602,32.459,2743.3309419677066,96.34019396875976
603,32.515,2800.0630087887134,111.5482567284296
604,32.573,2919.2879849202945,121.0969909974959
605,32.632,3030.8099256404316,104.84724822721545
606,32.678,3002.6815560398804,73.76506049638292
607,32.748,2860.0600557401413,66.27044547717897
608,32.797,2805.5749079746765,88.52666255853819
609,32.849,2822.8612898874308,104.72692062850197
610,32.897,2891.1112834335313,114.93668909154876
611,32.959,3021.8882555105274,122.34985994131205
612,33.009,3117.665959875968,103.22091483876768
613,33.061,3074.55771456958,70.80053085542968
614,33.155,2851.4171259441036,38.05713979511051
615,33.196,2725.064605937794,41.979370248097716
616,33.244,2625.2958413135825,71.88534324149202
617,33.294,2603.5146135932905,93.55805517598064
618,33.34,2646.486439367262,108.49349796792963
619,33.391,2751.2277047648577,119.81712471976341
620,33.455,2912.439941895818,126.83431384149867
621,33.499,3024.2512831219974,112.33050490744203
622,33.596,2930.834356799431,56.574461678140395
623,33.646,2809.1969237691,62.040295074356244
624,33.688,2751.1711708552534,83.2461832077245
625,33.735,2753.03896725253,100.59040161566897
626,33.821,2878.4502625591504,118.60472741327104
627,33.869,2995.2590940169184,123.86813136574737
628,33.917,3096.6058208466757,111.54347598699401
629,33.957,3089.194886342005,80.47025895310112
630,34.0,3002.8837452711387,57.74874675274174
631,34.063,2857.6646884190527,68.80735068043667
632,34.116,2809.6768735126784,91.25418187168415
633,34.155,2826.0598257271326,104.03923478080507
634,34.231,2934.8542030153217,117.90452837804742
635,34.289,3046.4460944072557,110.10023314929921
636,34.333,3055.9986178904114,86.09301894476064
637,34.37,3000.1352701627347,65.44397937138362
638,34.408,2905.4865613034945,62.93556141044825
639,34.456,2839.6982088972504,85.44848202948704
640,34.5,2836.2745443250037,98.51168451749189
641,34.577,2920.150692941947,114.92990887059516
642,34.642,3051.29763378377,122.11089126861756
643,34.691,3143.159282501243,105.65517800590901
644,34.735,3110.730540199834,73.99510608179247
645,34.819,2908.8909807089617,41.07999290932732
646,34.854,2795.4465445738206,42.44460195376257
647,34.914,2681.002713382015,76.40402528814207
648,34.966,2669.580338158342,97.53652403135365
649,35.003,2709.3031017789317,108.98600630551532
650,35.041,2776.6685593385305,116.97333212882825
651,35.077,2840.607624511297,121.3082115814241
652,35.12,2917.75935331827,124.60323731054086
653,35.169,3030.7005601417013,113.859274698485
654,35.204,3052.8361798355286,97.57022724122903
655,35.261,2989.9996882142427,65.32542297868473
656,35.3,2899.634659304038,63.626396352613106
657,35.36,2831.595438457197,89.84765323148267
658,35.437,2873.597357970282,109.77284942605726
659,35.48,2950.297267596361,117.50912133093617
660,35.522,3028.9388600324432,107.61189671989297
661,35.563,3018.291946439061,79.64945101810333
662,35.615,2924.6595216020164,61.563251879077924
663,35.656,2830.3387224378835,65.77830670327873
664,35.695,2780.9107978784323,84.77579190782208
665,35.738,2782.4413445242017,100.20198149198309
666,35.787,2834.742616474348,111.80288820640784
667,35.844,2948.2417915758606,120.70315136389465
668,35.886,3043.511559601771,111.19981771335641
669,35.955,2999.459140861315,67.26211417279094
670,36.005,2886.3055845924337,66.82073427258071
671,36.063,2829.5962845700665,90.96818684087317
672,36.117,2852.8616028426272,106.09054234353376
673,36.171,2926.0372152319287,115.78983953925403
674,36.238,3059.8572579553265,122.52558892639956
675,36.282,3148.476457269388,108.05113924605969
676,36.319,3134.6621056813206,80.5253314589649
677,36.357,3062.629359947263,60.58863503768512
678,36.394,2958.6911666609253,55.685256719669106
679,36.432,2882.8526994802305,75.99746797084914
680,36.476,2853.5214422528984,93.0296285140834
681,36.516,2872.4043513641273,105.07529101850187
682,36.558,2929.5043910538234,113.90953333559841
683,36.609,3028.534123262116,120.38691218764342
684,36.671,3159.2666857018444,111.00895979792568
685,36.728,3131.353955400037,74.06819141607056
686,36.776,3020.4933987234485,51.6994888799742
687,36.82,2885.876860137559,48.73789048364163
688,36.865,2794.5582941287175,73.6072411585317
689,36.939,2773.3521492204904,100.55943455796653
690,36.996,2845.5998575017124,114.18294545933922
691,37.045,2933.9774859185172,120.54342416330928
692,37.092,3044.870107452547,112.59572772614253
693,37.127,3050.9922855499826,86.10810320808959
694,37.165,2989.4668378701813,64.12460872273391
695,37.201,2899.690655323732,59.73660052250105
696,37.276,2817.0224055840085,91.4746071007237
697,37.34,2851.3445807807916,108.205181259742
698,37.404,2959.7038592817826,118.96118179765062
699,37.443,3044.922082019336,110.67367153016761
700,37.482,3044.490167008568,83.5260964894485
701,37.519,2979.665703821354,62.594534948209606
702,37.554,2896.31687332519,59.64443926669824
703,37.606,2821.47350480123,84.1779543160495
704,37.653,2820.9054931009605,100.71479706189768
705,37.7,2874.483228417368,112.13313652259801
706,37.744,2957.390470185604,119.02740893679369
707,37.802,3046.0023594993077,95.89951044216448
708,37.855,2981.4429518780007,64.84467850984284
709,37.892,2895.9757078185057,62.89640977685306
710,37.935,2833.511275670358,83.83537780902971
711,37.977,2828.215843063747,98.77528114317367
712,38.042,2898.938635008787,113.68743387448336
713,38.084,2985.8365161748056,119.90784068770645
714,38.127,3070.823402067833,106.04693364208043
715,38.218,2961.7642623510505,55.85045560998903
716,38.268,2820.7580220035925,53.362867171914274
717,38.316,2738.561705098647,79.2109823586476
718,38.355,2726.384665125237,95.36540564793621
719,38.395,2759.063617719023,107.4476410085594
720,38.434,2827.9697368201873,116.23269557552797
721,38.488,2952.6381336163595,123.26298183928758
722,38.532,3061.9992145755537,111.23970990286578
723,38.586,3046.957760444514,76.54745019507077
724,38.626,2988.7905221607566,61.09348512254686
725,38.667,2914.0729664169617,59.70701971422167
726,38.715,2851.4608911849186,77.995901837342
727,38.776,2832.867422952745,98.71600599780086
728,38.821,2869.255103884356,109.22007153264691
729,38.889,2981.109527651535,119.4029831568014
730,38.951,3085.2912650692356,97.59320971047599
731,39.036,2954.1306205424116,53.167175540065216
732,39.076,2838.7412867612506,54.61511765222236
733,39.11,2786.8103915742727,68.99262898438148
734,39.178,2746.766862090023,95.9113242848498
735,39.216,2775.492765612942,106.84166196533361
736,39.257,2839.563530543163,115.49033771869813
737,39.338,3008.9975586189103,124.21070413261572
738,39.38,3114.452223269011,114.03665291153618
739,39.429,3106.007208471819,78.80154493777778
740,39.48,2996.8881927987013,53.61083997270249
741,39.517,2897.9785973567177,53.74802578448912
742,39.598,2795.0395657876425,89.24614861316657
743,39.653,2818.9184076978777,106.09374787372332
744,39.715,2918.3930386297334,117.87293946724796
745,39.761,3017.260431951702,122.59626558335859
746,39.803,3117.6837928622094,112.05952871238104
747,39.851,3102.1984658525907,77.17440880211673
748,39.894,3005.187309231463,54.84834628409045
749,39.996,2756.152244272429,69.28586508398378
750,40.042,2717.8935772062496,89.91389674435318
751,40.078,2732.5029912235236,102.50643866176497
752,40.127,2803.276781023132,114.58106066586592
753,40.173,2907.809891441283,121.77963852963332
754,40.221,3020.9441891706183,110.39897652445207
755,40.266,3009.8327282842824,77.67348138709012
756,40.333,2897.4188116723985,77.79719197200352
757,40.371,2871.8875606517963,93.31155140349172
758,40.432,2910.542684897054,109.27066994739378
759,40.47,2963.435717463779,115.35309335512946
760,40.52,3036.793907072472,99.58963012580209
761,40.607,2924.46649868482,55.546761951876604
762,40.679,2735.9590134848795,49.36431375802298
763,40.736,2646.5336789147595,79.26689303584911
764,40.798,2652.0979042178683,101.82108053419013
765,40.853,2734.5553543942847,115.6319354902081
766,40.914,2879.873641121227,124.46048778723905
767,40.955,2991.5287035970387,127.37426804187409
768,41.025,3164.461469180754,112.5650308858565
769,41.068,3157.7446754503717,81.81985531725131
770,41.115,3066.5672245071046,57.74102397601401
771,41.162,2945.6439033379115,56.31628448917692
772,41.211,2861.6667375638317,80.40178607730664
773,41.253,2845.037838456682,95.75081512074235
774,41.298,2870.9429194474233,106.78175392421436
775,41.34,2924.3193810734456,114.26234781900746
776,41.395,3027.533432750729,120.76854447427931
777,41.462,3150.339799121821,104.46954452756522
778,41.518,3099.381862789375,68.91997896147433
779,41.563,2994.127799999706,50.021066605356296
780,41.608,2863.920841844041,52.60080281325167
781,41.772,2785.9391669825745,105.98807273722659
782,41.874,2940.811814852042,121.13866771638834
783,41.989,3129.6659710780536,91.24808272057537
784,42.05,3032.205221955794,58.635745770137305
785,42.091,2929.281198451902,57.62492762974195
786,42.13,2861.591632418978,76.53387190337138
787,42.191,2835.0830623676193,93.90837503493655
788,42.235,2856.1720357286795,105.46295267710707
789,42.275,2890.533013680802,111.51062371417372
790,42.325,2981.0804195590517,119.06957848968273
791,42.38,3081.598818545054,101.8838677971455
792,42.435,3029.395028211427,68.00770808140189
793,42.488,2911.1988266283615,68.56191937061325
794,42.529,2861.8204418982114,87.25680954855234
795,42.613,2898.815104324954,109.66640414810574
796,42.66,2976.021577176061,117.389726538237
797,42.706,3051.4375932596404,101.84971695214666
798,42.741,3027.0657118301124,76.22073516123622
799,42.798,2936.231774365249,78.94421984929475
800,42.835,2911.222951632399,93.61678295814916
801,42.891,2941.2300075760563,108.02952746000403
802,42.975,3067.2716522263995,119.25467446540175
803,43.02,3148.71645054392,104.68757100269332
804,43.066,3111.3189961959565,72.70565864443637
805,43.133,2946.1078915510693,44.44863663671134
806,43.183,2796.1261805408894,50.065590765975244
807,43.242,2701.5377058001714,80.57642980008836
808,43.295,2703.066941840853,100.89573638779558
809,43.348,2778.8410539896977,114.66199696519446
810,43.412,2924.943657944015,123.6961300346604
811,43.452,3025.6046268313844,111.50103847694082
812,43.502,3012.9633947985653,76.50675496539935
813,43.594,2832.4407920096864,73.81916472322722
814,43.676,2795.3567464238095,98.98390048754133
815,43.723,2844.966557045906,111.1689036376683
816,43.759,2913.3833166007435,117.74884575755185
817,43.829,3013.8545349438027,92.67674105491652
818,43.878,2955.3892223269227,66.42822433966916
819,43.956,2813.001058925509,80.18899505902355
820,43.996,2798.7903533964272,95.73725383570384
821,44.047,2839.3631430174,109.27814934928293
822,44.108,2941.463589005346,119.05217198020276
823,44.178,3065.146356500342,98.26948234556745
824,44.24,2987.2793882490064,62.168228361233886
825,44.291,2871.129131433481,67.67566299509889
826,44.361,2818.600472938739,95.49592666431586
827,44.4,2846.97757829693,107.11180199794418
828,44.461,2945.383035976889,118.01048092416951
829,44.5,3021.432364183391,110.14133633613646
830,44.54,3020.0821417510865,82.73306076924408
831,44.589,2937.401777137708,58.71747588114726
832,44.624,2844.773938667451,56.881877235172844
833,44.675,2767.299468751238,82.43112693460775
834,44.715,2762.1411994697105,97.94896868163495
835,44.774,2826.5381204917135,112.79439196478269
836,44.832,2945.953651305168,121.4564664142869
837,44.884,3058.862075609544,112.94649497783402
838,44.948,3032.137003362583,71.63134871935654
839,45.003,2903.7354118419653,48.02672956290203
840,45.057,2757.089932705583,46.12150535465294
841,45.097,2674.358716803028,70.20177154840286
842,45.133,2644.43449417939,88.29936235656439
843,45.169,2660.6394055860515,102.28078435168949
844,45.213,2727.6406023625536,114.16374270521916
845,45.267,2855.792079325417,123.14101770476368
846,45.304,2958.084454098898,126.47699187185269
847,45.369,3084.1205083783584,95.98700847211025
848,45.422,3013.2549785704737,63.844096119308126
849,45.463,2905.253049335317,60.88779411952564
850,45.523,2829.9396335616125,86.98216195187284
851,45.584,2849.194698355881,105.97048098314497
852,45.637,2923.886998006419,115.8812251508913
853,45.673,2963.713742563196,118.64829103526289
854,45.717,3026.56304483163,112.07978052772388
855,45.789,2990.4642563731854,68.68802491406572
856,45.839,2877.6370864315368,66.58685143846454
857,45.888,2822.36562910218,88.9502956386751
858,45.935,2835.1796003269606,103.56455826923789
859,45.979,2890.729775505355,113.23389924659256
860,46.025,2982.770685669465,119.97471194427165
861,46.079,3087.123483560625,103.97503877933121
862,46.156,3002.2835816675665,60.60499870258394
863,46.196,2902.13841658302,60.59313165495735
864,46.255,2828.2232766295956,85.43186609963719
865,46.326,2849.69784788321,106.89725987567695
866,46.375,2927.0264969958134,116.43373269892612
867,46.44,3042.0294209261747,106.20890119037061
868,46.49,3037.193368704877,81.3234387062401
869,46.554,2909.324405925543,51.27741874128189
870,46.597,2785.378919969232,53.532652500705716
871,46.651,2702.8737254113043,81.3430264785715
872,46.697,2700.6778093046646,98.63038394491446
873,46.734,2744.3132482635147,110.00749929424379
874,46.785,2840.9030513929397,119.48274797552733
875,46.846,2993.806493925755,125.60030731119612
876,46.891,3097.8737177108537,108.0702443809116
877,46.932,3083.3715926394752,79.15104941350121
878,46.981,2982.5108491052974,54.874725874378385
879,47.021,2867.2346460296976,53.9508037674024
880,47.06,2792.1792098973197,75.5635105884536
881,47.112,2769.3741312192833,96.25226982620094
882,47.212,2890.4272390417127,117.77239840779232
883,47.275,3036.4960440507734,124.11185549685536
884,47.359,3127.946634926712,83.21180389557823
885,47.417,3014.9951477259683,54.46727856343654
886,47.467,2876.804466745825,59.33103521131363
887,47.531,2797.743167996963,87.77545076601821
888,47.569,2804.438079798663,101.3208699732659
889,47.634,2881.6916032292675,114.8286700049928
890,47.683,2987.786670786124,121.46097444861002
891,47.719,3067.0852182679128,111.1880458214562
892,47.786,3028.3379751082375,69.07694930965077
893,47.838,2911.7265626562503,66.76035802875752
894,47.9,2840.2555181909042,89.28862556611364
895,47.951,2855.968018183985,104.59862823666718
896,47.992,2909.9931840456015,113.43105459558737
897,48.039,3002.4466853138447,119.97900045893765
898,48.08,3086.9364088261473,107.93301786516564
899,48.124,3069.2371851645926,77.62516345048199
900,48.187,2937.6253981188784,49.897898108140005
901,48.229,2814.8812240767234,51.96316039234568
902,48.323,2714.842243294836,91.76990283402357
903,48.359,2732.6105358963687,103.39654671179176
904,48.402,2797.0901620775217,114.2210375333569
905,48.453,2902.9561466362948,121.69711311299069
906,48.519,3035.407062238342,103.72946545486987
907,48.57,3020.405639185579,80.07400621680394
908,48.625,2911.501700627045,59.14071296664118
909,48.663,2821.371507933166,61.861496622993435
910,48.7,2766.516883745987,80.62382498654279
911,48.754,2762.0183858060423,100.08951202585212
912,48.801,2814.8100271390554,111.81451636215235
913,48.852,2910.543131294145,119.90295923320632
914,48.921,3025.828161294211,105.31665697911538
915,49.001,3003.6873454031934,76.24853171248324
916,49.056,2915.2468042381515,78.32324378492423
917,49.122,2892.955749129917,99.16621691570384
918,49.173,2937.690954238302,110.7384810230535
919,49.208,2978.332745751245,115.10009100910813
920,49.272,3030.305070497066,89.3895955491363
921,49.314,2966.603946235996,64.22634232634319
922,49.356,2866.274654177656,62.351563628446634
923,49.394,2811.0422759124504,80.25437360385426
924,49.436,2797.8802146893877,96.70761900183402
925,49.498,2858.829178391303,112.26711698921858
926,49.59,3037.842984904712,123.12709656951773
927,49.643,3152.6628571038145,107.23735657521347
928,49.698,3107.4945644882455,69.96382750727892
929,49.75,2978.5531778415543,47.54393278859394
930,49.798,2834.155345087044,49.76472642378658
931,49.852,2739.3898972448706,78.31287567177804
932,49.9,2726.2177693753392,96.21644363442394
933,49.97,2805.5712629727,114.18446710210813
934,50.033,2931.908172508031,122.51840757100493
935,50.097,3037.924054380345,94.06904802088309
936,50.173,2939.543787028863,57.927087215926775
937,50.22,2823.61799088194,54.448302960751256
938,50.273,2742.272393904682,80.68323517418317
939,50.342,2752.0339434311136,104.43964938695483
940,50.41,2862.2586239796883,118.39459878274133
941,50.464,2994.7506364206333,124.33232565913963
942,50.524,3113.8087414176016,100.55066827449883
943,50.594,3024.080981730061,60.28862429046668
944,50.636,2921.8025271691404,60.69456859592816
945,50.68,2851.8218467143574,82.52357556326133
946,50.723,2842.0282409011875,97.95777670761387
947,50.762,2874.9669579149213,108.4951856811914
948,50.81,2947.3063268954666,116.62231531432775
949,50.851,3025.987131049899,107.85529514493797
950,50.921,2968.511767581215,64.75767228627537
951,50.976,2850.971091917865,69.81913721620987
952,51.039,2806.8073448968685,95.11105751853411
953,51.084,2838.9899686195963,107.76182807413583
954,51.131,2907.857204209243,116.14801569951615
955,51.192,3026.010140732589,122.37048570469723
956,51.238,3117.2788059180866,107.64319354875829
957,51.324,3025.743362014033,59.19582996658878
958,51.366,2910.7357370450727,57.40838154097419
959,51.419,2828.9492370380503,82.73489994089631
960,51.455,2818.744739296171,95.58732744615327
961,51.495,2845.552051063806,106.79275189512862
962,51.545,2921.1521728987204,116.27131770922463
963,51.587,3011.2680703089027,121.33674271765595
964,51.639,3100.0883430852973,104.26326194173384
965,51.691,3062.1316560506266,71.87615944107323
966,51.741,2947.3637911453156,49.98851925505766
967,51.792,2810.0512635402524,57.631683562113935
968,51.839,2739.547996822468,81.5810380423331
969,51.925,2772.261628371672,108.95236466425808
970,52.007,2927.3221440663806,122.028534243839
971,52.046,3019.4173742197804,110.60847567473984
972,52.092,3008.0383032442774,77.40026459479257
973,52.141,2929.338047342387,76.77652362863654
974,52.18,2900.2286610496267,91.01689174497751
975,52.254,2936.5629717881393,109.28464272524646
976,52.294,2998.3356644667297,115.98349734380211
977,52.338,3067.6949410937477,102.44176076401382
978,52.374,3046.604474721039,77.67744168035539
979,52.43,2926.666258320031,51.386550010068895
980,52.479,2785.333732260201,48.52279298948031
981,52.543,2684.5122603621558,81.62389128004119
982,52.591,2687.2862400763534,100.31574862624257
983,52.634,2742.449385413342,112.1170324763696
984,52.67,2810.801657323421,118.64654089701267
985,52.705,2872.7751630852326,122.24168965380636
986,52.75,2981.436959543501,125.9005250165198
987,52.804,3075.1654363522407,105.76208635960347
988,52.84,3071.7367302501816,86.10831817161014
989,52.879,3004.7954927146557,63.09785425511704
990,52.932,2882.576816361383,68.04879978750623
991,52.973,2834.4112130442118,86.6110395048505
992,53.018,2839.557707963673,101.97945208128044
993,53.058,2886.3988120740587,111.66711333902303
994,53.135,3031.0297715425004,121.57135886651776
995,53.204,3120.3208972558386,89.54722309519
996,53.252,3042.6652074350754,62.02813784168995
997,53.323,2881.039251954118,67.32994569106089
998,53.367,2831.4948586425226,85.97793864420507
999,53.416,2834.923243704248,101.55866267380978
1000,53.492,2925.7930049151446,116.02233498993759
1001,53.583,3106.871525861063,123.73752473829752
1002,53.662,3191.297764230159,86.03702436731425
1003,53.736,3045.8165244987185,50.82853641149996
1004,53.781,2912.638067081499,52.16313100596485
1005,53.851,2806.6773655382176,85.15668101905433
1006,53.914,2821.357404625919,105.06771988932952
1007,54.005,2962.8038013451505,120.04995587423758
1008,54.071,3071.3226206739782,98.18303141248462
1009,54.189,2873.50800500885,44.556773177803265
1010,54.26,2679.6826833114087,53.58125288231831
1011,54.312,2606.653265788767,81.04267586512472
1012,54.372,2622.1109862907565,103.32515069481181
1013,54.41,2682.706496981441,113.85075465870514
1014,54.471,2826.8460026349076,124.01731167900093
1015,54.513,2949.1451631017035,127.70383313804585
1016,54.577,3074.5245879186286,99.47180966047762
1017,54.616,3039.4343832098684,73.08312534241165
1018,54.664,2936.685235204479,68.52950853631681
1019,54.738,2880.6626883784597,96.61614262321562
1020,54.779,2908.043615872477,107.40424293374055
1021,54.835,2988.694868022503,116.66402159807102
1022,54.886,3077.040817972383,103.51506384821468
1023,54.94,3028.99456702152,68.80185266581027
1024,54.993,2906.172312766634,62.73474479319928
1025,55.04,2840.0234019914706,85.18808219773892
1026,55.09,2842.297214026473,101.7570305153331
1027,55.132,2891.815708350597,111.9370028548882
1028,55.179,2982.0199720408696,119.24313648640312
1029,55.223,3075.3655262861544,110.63958946072202
1030,55.26,3073.089744784066,83.29688595838685
1031,55.302,2994.538909946553,59.98053010222617
1032,55.348,2878.376886050567,60.763112031769396
1033,55.394,2812.002142716703,82.52862377960803
1034,55.473,2826.967688146777,106.2272502825063
1035,55.544,2932.566177227307,118.28185221797659
1036,55.596,3015.3080027334354,105.34271363176163
1037,55.649,2994.197779694594,75.95390402509234
1038,55.702,2906.87195765745,76.81218729730006
1039,55.783,2886.921916367909,102.08936876457723
1040,55.853,2972.619641431943,115.60116228394058
1041,55.974,3066.1516436309757,74.51526013393011
1042,56.036,2922.717728530514,47.37867006267224
1043,56.074,2806.982644212808,49.91799290171361
1044,56.148,2702.620277667852,86.86935339179712
1045,56.199,2717.523809219737,102.93720667566639
1046,56.243,2775.3261928825136,113.32748490579016
1047,56.286,2853.583859083016,119.85752680112365
1048,56.326,2908.254376815117,122.63523132747663
1049,56.374,3021.0976115561207,125.96063490659733
1050,56.448,3193.6321949776625,109.03331108786236
1051,56.494,3167.7344031049192,76.11641816708097
1052,56.626,2833.5269156880067,31.09335959278735
1053,56.678,2676.7635114933096,44.835508159628276
1054,56.726,2589.0234941833137,72.7306850082926
1055,56.857,2671.4988044817846,115.90176732843264
1056,56.896,2776.4349314549413,123.28896810046457
1057,56.971,2992.821558216082,129.26923721804235
1058,57.04,3138.4283325675096,99.918607277269
1059,57.149,2965.2166932182017,47.967399656091835
1060,57.186,2850.775660277352,47.88118045569303
1061,57.242,2752.85260235904,75.9462603904301
1062,57.31,2739.293577720807,99.83349580130692
1063,57.361,2794.4362006714687,112.02621042354515
1064,57.407,2889.289867439838,120.06123444957142
1065,57.48,3055.6644013476825,125.65027834864355
1066,57.524,3147.8400196439347,110.12455750447597
1067,57.576,3121.904815954018,74.85801050336417
1068,57.615,3029.381763786329,54.673024219409875
1069,57.658,2902.614017876702,51.695531894050404
1070,57.697,2821.8472471026093,73.56689294956045
1071,57.772,2799.323391710004,101.16145347940224
1072,57.84,2889.15070364156,115.92525002832183
1073,57.896,3014.3180308155675,122.64166087126783
1074,57.964,3144.258447659891,101.51796465143309
1075,58.035,3055.324447403431,60.72623619715894
1076,58.08,2936.175561761724,60.0305296984732
1077,58.135,2856.5237083272623,85.79417622988582
1078,58.192,2862.7231787970027,103.24271773145895
1079,58.26,2955.988196799612,116.49952125289731
1080,58.313,3035.0476569164816,97.56301327279904
1081,58.348,3009.7195766444593,76.11857738405038
1082,58.389,2926.6820362331177,68.07107371214639
1083,58.435,2873.6972987070358,87.8471883470372
1084,58.482,2878.8884332936555,102.21458517319982
1085,58.528,2927.4329689247597,111.97131130541196
1086,58.599,3049.5871808780385,120.50170005976837
1087,58.653,3155.9118548427027,109.89642421851394
1088,58.692,3144.251237952101,80.8025315885048
1089,58.748,3036.521289721256,54.66673246803385
1090,58.791,2920.4703529764965,54.206103897097854
1091,58.855,2826.2252321086494,82.42008817801667
1092,58.901,2819.218887804836,99.01079021135453
1093,58.949,2864.4167041920996,110.60579700448062
1094,59.023,2998.2580464122225,120.9571327109091
1095,59.082,3088.2176474061584,99.16722410593785
1096,59.123,3056.2828413862603,74.34299376814923
1097,59.202,2884.2103378411016,44.00627899571347
1098,59.297,2652.283163429573,65.32335746806362
1099,59.362,2611.567480110464,92.51795107507584
1100,59.426,2678.923370473992,112.16672245303975
1101,59.477,2796.6983999125496,122.02745261656112
1102,59.536,2964.108724088755,127.67090009443737
1103,59.628,3143.4819100970412,93.55343817678421
1104,59.681,3064.1251994933828,62.461362037536475
1105,59.745,2925.438431095939,70.60151740026494
1106,59.787,2882.875235224585,86.57751944583272
1107,59.829,2877.9676546954865,97.47871755789849
1108,59.865,2896.579385594683,105.56411909328108
1109,59.92,2952.079091519224,113.90439729141131
1110,59.986,3073.4717164766384,115.30569893283518
1111,60.049,3135.670938611253,95.59098391739624
1112,60.116,3032.7670180069254,58.11985758454648
1113,60.199,2816.093562539246,60.41640076677769
1114,60.25,2752.185322492117,83.15507124855522
1115,60.304,2758.2761958081974,102.31591420441242
1116,60.344,2808.338353950433,112.16177967518362
1117,60.388,2897.461741496057,119.72846151754953
1118,60.434,3010.929224187547,124.26970800085763
1119,60.479,3112.566212510714,108.87783340179647
1120,60.533,3089.9282865258874,75.83696430795003
1121,60.595,2954.3585426277987,48.903296242657355
1122,60.635,2841.6175138216754,51.80703409973411
1123,60.673,2768.6214726776757,72.41925514484451
1124,60.742,2740.904931947747,97.20557810108588
1125,60.793,2789.890077812233,110.59372528166267
1126,60.835,2860.335232278958,117.79218049423328
1127,60.885,2976.638037597289,123.54469468527356
1128,60.946,3119.039331811829,110.35715408173206
1129,60.995,3104.5009439787505,78.47596647722821
1130,61.059,2967.839678938855,49.6669662298957
1131,61.155,2701.3313198058067,52.28170496354892
1132,61.222,2617.773993638126,85.00538527036899
1133,61.261,2627.6185565306223,100.25453410659037
1134,61.312,2701.4485597042803,114.31264083071284
1135,61.381,2866.518856000038,124.88767530689104
1136,61.418,2976.5555279375835,127.74293331040654
1137,61.531,3068.624095564585,71.40304666272738
1138,61.586,2940.349218425857,48.08910253017693
1139,61.65,2765.78506014255,59.36975079270765
1140,61.704,2699.0823213599033,85.79475360348253
1141,61.757,2715.4197263734245,103.59618858938711
1142,61.841,2849.680787097221,119.90042569925352
1143,61.876,2944.635979200606,124.18049228034947
1144,61.925,3053.38343186901,110.37098956851878
1145,62.011,2978.4927980575508,60.85883522582546
1146,62.054,2866.933153556898,61.56451315890658
1147,62.129,2794.077483574842,93.56436586710953
1148,62.188,2838.165732109788,109.6778260310786
1149,62.253,2957.8268137060363,120.1569259244383
1150,62.295,3043.805047646036,108.91213169357682
1151,62.346,3018.270464749673,73.47184016114787
1152,62.397,2916.893170381356,73.1551472951683
1153,62.445,2876.9669530324722,92.70527923382637
1154,62.505,2910.2145126186015,108.40790051674432
1155,62.568,3002.9719808248174,117.81307451809914
1156,62.61,3080.1066136851086,104.56820543601631
1157,62.664,3036.449566862707,69.85062942692667
1158,62.703,2947.180993242315,66.09581077227801
1159,62.779,2881.2917934028646,95.62473932433646
1160,62.835,2921.0860312890222,109.53494645861151
1161,62.871,2981.243637621368,116.03594393308082
1162,62.909,3050.912208996916,106.45764127133714
1163,62.959,3024.3049406073537,74.14712391754384
1164,62.996,2950.0449250076763,68.58391283075143
1165,63.041,2897.2680585458415,87.67975367969137
1166,63.079,2896.1932572870737,99.84461756112307
1167,63.129,2940.832770208748,110.86759714228549
1168,63.172,3012.765695592836,117.43212647068708
1169,63.211,3082.7901203226475,108.7732238597258
1170,63.255,3070.924166580716,79.67359096289032
1171,63.292,3020.2063588315423,64.25785589162209
1172,63.329,2947.79894939879,61.168288563604534
1173,63.369,2886.1193942895547,78.9460658939338
1174,63.415,2864.1525273499933,93.70250656097842
1175,63.485,2911.6738336005187,110.56763726973823
1176,63.543,3006.5830433815822,118.77507456024725
1177,63.603,3101.543784681999,100.45630999640117
1178,63.67,3022.4606283164017,62.24308954170646
1179,63.708,2921.1532181951125,57.100698926763584
1180,63.797,2826.065254327486,93.56189587999737
1181,63.849,2855.001945495255,107.16252361725208
1182,63.902,2937.1578812327125,116.87930787793435
1183,63.949,3022.845478077028,104.76154952953503
1184,64.01,2974.0456878027303,67.55443915903085
1185,64.065,2847.4786636827653,58.32452650532742
1186,64.104,2781.6333259916814,79.06451320641456
1187,64.146,2766.4493333540936,95.0175387841467
1188,64.193,2805.0106697927818,108.70322205703889
1189,64.259,2921.0993061617655,119.82246668427725
1190,64.32,3032.2768421762757,99.90529829235011
1191,64.396,2934.0930670450166,58.620021745054686
1192,64.483,2741.1204638676563,65.26415732963754
1193,64.554,2693.4676843873053,94.46793261814845
1194,64.604,2734.93712200332,108.78686880846413
1195,64.664,2838.8837278162846,119.48915910101414
1196,64.718,2973.689329656593,125.18199759637679
1197,64.768,3091.146227558111,108.3226345168122
1198,64.823,3061.127015628962,73.10930519842823
1199,64.868,2962.173009914878,52.70534551340722
1200,64.927,2814.4858112318175,60.88358441030758
1201,64.986,2747.121810650244,87.30652803478922
1202,65.034,2758.1980960632027,102.25154106634945
1203,65.084,2822.3388315263587,113.78552366987836
1204,65.122,2903.4864389719905,120.06361579163031
1205,65.162,2993.263163759237,109.71859524770274
1206,65.241,2934.7239575411704,63.47383412151779
1207,65.281,2839.6315777055256,60.69791553279637
1208,65.318,2781.0017687289537,79.90526575909433
1209,65.359,2767.4584288115934,94.8497187763481
1210,65.4,2794.243176922853,106.37555810382233
1211,65.445,2857.508638465469,115.1717936430617
1212,65.514,3008.070094633468,123.37331552263643
1213,65.555,3097.7294128251488,114.09691580222885
1214,65.619,3071.5770115084465,72.06288442190454
1215,65.658,2978.0047317830717,53.0555912029948
1216,65.708,2833.434635118731,49.91691580852877
1217,65.762,2737.397965536265,79.23108625491147
1218,65.819,2731.3351218699245,99.62687197123122
1219,65.885,2818.3639866817707,115.46326054586898
1220,65.935,2927.2409525339294,122.32966376957351
1221,65.988,3033.635881759673,100.64804641276257
1222,66.063,2945.0961428662913,59.58920706271329
1223,66.128,2778.7539234634673,58.9092716137381
1224,66.178,2712.2975269476237,83.38833172386185
1225,66.251,2740.9655888250395,107.37049103772844
1226,66.301,2828.3908553431393,117.7542928717078
1227,66.366,2987.0121055141963,125.01935899722102
1228,66.437,3146.086564795977,105.6428233061807
1229,66.613,2878.1136989022475,38.00299715921413
1230,66.756,2572.8602505547997,69.84719624114696
1231,66.842,2558.7577761161606,98.9749072370286
1232,66.881,2594.257815768061,108.4315513905707
1233,66.931,2682.610469417862,118.77327754030067
1234,66.971,2793.0048438329814,125.12724106181861
1235,67.028,2949.9786866589884,129.30040042985704
1236,67.11,3091.9093410704577,92.31510172345467
1237,67.154,3030.864329323347,65.84150074127595
1238,67.207,2916.430925174881,69.86795165963171
1239,67.25,2869.885824359974,88.11596587590594
1240,67.286,2870.8871693272413,99.98591403498071
1241,67.328,2910.533751048958,110.13804861151964
1242,67.373,2983.921216242563,117.30510433477431
1243,67.416,3066.525831521546,107.89739545215791
1244,67.46,3050.305873014969,77.83400223598007
1245,67.524,2929.6473266351736,51.35499480484725
1246,67.562,2818.622439207129,50.44831480672323
1247,67.599,2743.5296928922176,71.84840676611809
1248,67.66,2714.6218929170095,95.55654981624444
1249,67.71,2758.7293319594005,109.47443359808314
1250,67.765,2850.6698694854745,118.88195176321481
1251,67.813,2966.332975176932,124.20800148087443
1252,67.859,3077.008112430908,111.99587437095722
1253,67.898,3077.9955142865565,84.1982181304042
1254,67.955,2972.709566278916,55.6126102288994
1255,67.993,2879.801478839718,54.97136389865483
1256,68.054,2789.7476373217796,83.88004133628463
1257,68.147,2820.1282362966267,108.54935849030507
1258,68.187,2880.3391432470708,115.84481383748731
1259,68.233,2978.631721746117,121.68698734684409
1260,68.296,3081.055158592642,95.31588953588036
1261,68.35,3007.551986948951,63.21801016301325
1262,68.456,2787.3510184917372,75.9840536000138
1263,68.519,2769.6596312422407,99.0760144437804
1264,68.556,2809.477739066255,109.69252443615035
1265,68.628,2945.141359960263,121.12359604696643
1266,68.667,3036.582619732551,112.31000861764674
1267,68.75,2979.4686039792996,63.70129989131564
1268,68.808,2855.220921632447,66.6222516060692
1269,68.844,2810.0308266299803,82.91230405075213
1270,68.909,2813.323984891041,102.78791083337784
1271,68.972,2900.031819377393,116.00194170066095
1272,69.016,2997.324345751254,121.60354287269703
1273,69.118,3063.3734152788916,73.26636454659375
1274,69.163,2954.987511047328,51.441668876591585
1275,69.208,2832.061087450929,55.22347811913499
1276,69.266,2746.2509106418506,84.75665052753513
1277,69.32,2756.590893289539,102.8962378334941
1278,69.364,2820.7426776094335,113.99375383724903
1279,69.441,2985.7391200060574,123.68624607598746
1280,69.484,3083.7044091644366,110.82549955063567
1281,69.525,3083.8365033651526,84.90240624928309
1282,69.579,2996.8311072834326,58.94171695829156
1283,69.621,2886.555215447673,58.674203998188936
1284,69.68,2805.9667692701714,86.24614654653642
1285,69.732,2815.101664151087,103.01545243976595
1286,69.785,2887.2032186154725,114.76449498694772
1287,69.866,3056.347793605563,123.43061172555144
1288,69.938,3166.9900490065247,95.90126216106404
1289,69.988,3100.5720036342664,65.67189727124364
1290,70.028,2997.0016317112604,48.57406790805168
1291,70.084,2841.7840671473755,59.43627491432067
1292,70.137,2769.1018839420362,85.42662140271035
1293,70.187,2778.100634905916,102.60820364846835
1294,70.27,2894.183696736009,118.2583563937461
1295,70.336,3042.130492364023,124.35440477965432
1296,70.37,3123.258848633602,118.23496368953182
1297,70.406,3143.5084506122216,96.578508704455
1298,70.444,3101.1472465902502,71.68727320528129
1299,70.515,2928.19443157522,43.2372150326787
1300,70.559,2797.8035772525145,49.27326364744138
1301,70.631,2693.281306659349,85.64204397445376
1302,70.678,2707.2994112026745,102.84291736331181
1303,70.72,2769.5961576302975,113.80850115807176
1304,70.768,2865.5579516721186,121.15066524283839
1305,70.808,2975.37799864365,125.28882506186673
1306,70.874,3128.6533831336483,105.69363763334786
1307,70.931,3088.3678387644104,71.32161664049771
1308,70.986,2957.183392818785,47.77109857078054
1309,71.036,2809.6625702708698,54.92532055030036
1310,71.082,2735.88263661566,78.30270917762171
1311,71.13,2724.5979478274594,97.57127898543183
1312,71.18,2780.97615901745,111.65610738114815
1313,71.243,2913.685041372111,121.90057305737315
1314,71.308,3031.2958898865795,97.70682472356457
1315,71.355,2985.6024837021705,69.4255967352202
1316,71.415,2865.893090270114,75.02644022952374
1317,71.464,2835.2468517587054,94.76657136514709
1318,71.519,2875.958230179595,109.40232282299239
1319,71.561,2941.9979034608396,116.56571025614534
1320,71.61,3019.0032914895896,99.84524665514799
1321,71.68,2931.3483826895394,59.64282272830666
1322,71.724,2835.0717795633263,63.14109940423415
1323,71.78,2771.8448761446184,89.27614025332386
1324,71.823,2787.3978653760246,103.60840299251147
1325,71.908,2925.8102925205817,119.7805482979268
1326,72.007,3102.318131802564,99.77271377351724
1327,72.09,3025.502389791161,66.33231164142722
1328,72.144,2898.5854817926574,63.939701544346065
1329,72.188,2836.7414968537005,85.56084856607153
1330,72.266,2865.6866900484297,108.42877644960146
1331,72.304,2930.110078489343,116.0097161046909
1332,72.343,3002.286503433237,108.97648454906037
1333,72.418,2940.757205305346,63.17990269862611
1334,72.459,2843.992957813911,59.73368951007417
1335,72.497,2785.053829870609,78.35603877054648
1336,72.533,2767.4693309356094,93.29035919743107
1337,72.569,2788.0757917272913,104.73700728950182
1338,72.603,2836.2166032961723,112.89202251927773
1339,72.689,3000.127963747607,123.10308312244433
1340,72.757,3135.0245628309017,105.0667139549324
1341,72.841,3029.2590215602845,57.28786754328986
1342,72.888,2903.761602737324,59.49626938859245
1343,72.943,2827.886366006557,84.08638593483762
1344,73.016,2840.7877204845877,105.38685635567654
1345,73.06,2898.1558812147236,114.1061822559386
1346,73.103,2980.759180934351,119.92543818531314
1347,73.15,3080.83033118107,110.568778725115
1348,73.23,3010.4093446186325,62.11504607199521
1349,73.293,2853.1215607547797,60.71729177855447
1350,73.343,2786.70561871379,83.57309446478833
1351,73.408,2796.345030683226,103.95847108452993
1352,73.483,2903.7622659595168,117.90764050528695
1353,73.525,2994.1357782838872,122.42717513502913
1354,73.568,3095.329436891769,112.94437893685466
1355,73.614,3089.5853813305234,80.28075463134546
1356,73.66,3001.7392774031987,57.42119613665114
1357,73.712,2870.761565070191,61.95736835388553
1358,73.787,2798.765760593569,93.09609597481946
1359,73.837,2829.707431526556,107.36131333390966
1360,73.872,2878.6631464017573,114.17951925792734
1361,73.909,2948.218067608968,119.38030110999861
1362,73.959,3027.8224588664093,103.11794702769905
1363,74.028,2973.8102560478183,66.62619025818816
1364,74.082,2859.4487921806144,67.51281740484431
1365,74.131,2811.4072357692553,86.41554417807103
1366,74.165,2810.4170580915547,98.3594789244827
1367,74.211,2852.865191605879,110.03700372017978
1368,74.257,2935.4903194511876,118.1092677202274
1369,74.308,3013.552154523762,99.00221647448662
1370,74.366,2951.827023646032,65.0565069497085
1371,74.401,2879.4430623916355,63.369626385346386
1372,74.448,2817.0242075946594,85.633360915719
1373,74.486,2813.6624641832086,97.48817225120182
1374,74.522,2841.708132765024,107.34926054196856
1375,74.562,2902.3860895992575,115.26009918105807
1376,74.603,2991.3425450852487,120.83402631695998
1377,74.663,3107.710640283007,103.84530983786762
1378,74.711,3072.7329320097983,73.00322384038701
1379,74.767,2944.224119529613,48.70745602454754
1380,74.81,2817.1017721561057,49.369862089238794
1381,74.856,2729.682324656227,75.06594049646031
1382,74.921,2716.204458094727,99.91500719427879
1383,74.994,2815.0541111286707,116.58919448591524
1384,75.046,2941.757989183336,123.61387666679677
1385,75.086,3041.5705980170605,111.93468259062318
1386,75.142,3024.3339476447586,74.89533449794594
1387,75.184,2932.993247191619,54.46386668305089
1388,75.225,2824.298945785219,56.60162815663831
1389,75.274,2750.877455763615,80.56445185184224
1390,75.336,2752.453790295759,102.17691143461678
1391,75.403,2841.2605019059533,116.15401209235438
1392,75.444,2930.384480124914,121.71282620047886
1393,75.497,3029.543251131802,100.14668995984562
1394,75.548,2989.1493133003496,70.75459254739172
1395,75.59,2901.32252452918,67.61178842780484
1396,75.629,2851.617593039161,85.7781542939073
1397,75.677,2853.202312469859,101.37819542320533
1398,75.722,2898.0714834955697,111.23199168194829
1399,75.766,2976.2704099816465,118.19008108672331
1400,75.808,3051.280369769037,105.76578663796187
1401,75.851,3030.003693624249,76.3425761394629
1402,75.895,2940.7143650506027,59.56186124292378
1403,75.938,2840.041795575615,63.26470399772782
1404,76.01,2775.7008644972257,93.0773892662228
1405,76.051,2800.5877612156455,105.86588212637551
1406,76.088,2857.468313280335,114.32081288156876
1407,76.143,2973.226986492954,121.77567471062443
1408,76.196,3091.302950300638,108.24281444436967
1409,76.236,3077.274788171076,79.14212362523664
1410,76.292,2959.5868420447714,52.323500764958965
1411,76.333,2850.578670602311,52.17967581142351
1412,76.376,2772.831264839918,74.46318737296164
1413,76.413,2747.0655590571814,90.39190679267799
1414,76.467,2777.4577038520715,106.90188809166513
1415,76.513,2851.7990771146387,116.41079862740625
1416,76.559,2950.4863263040593,122.20203248901639
1417,76.604,3050.535134339398,107.93541080931725
1418,76.683,2980.6692709628214,62.41228133877933
1419,76.743,2855.3097809267983,70.16457414115705
1420,76.799,2811.346303776264,92.499154175482
1421,76.853,2843.1832661527096,107.6402008995868
1422,76.901,2921.296661074284,116.80617874095256
1423,76.947,3013.848218388694,114.03564836429307
1424,76.994,3055.9760988537714,94.71950688900021
1425,77.051,2988.9381405272848,64.34266838523547
1426,77.102,2874.234653545661,67.7297805052805
1427,77.143,2825.9314992547684,86.37035525066578
1428,77.186,2828.2910118670156,100.71677066825927
1429,77.235,2877.8722453175947,111.63666277129724
1430,77.29,2979.2957804611424,119.76887441100017
1431,77.343,3072.9327642860358,100.53392054492816
1432,77.377,3050.163674908221,77.41920031839872
1433,77.445,2913.944866495736,49.14043149509531
1434,77.481,2823.678114808478,49.2635505865502
1435,77.523,2743.638107894839,71.89227080468491
1436,77.583,2713.6429908310924,93.9216399465994
1437,77.642,2763.478847334737,110.19284291702024
1438,77.693,2862.866443829516,119.64755923951594
1439,77.753,3008.8110797479726,125.3153930816472
1440,77.804,3116.986989171644,103.2830792979775
1441,77.886,3022.747004771223,59.28471851571412
1442,77.929,2904.634363161332,58.946614198094174
1443,77.994,2820.9300383643617,88.2082508387957
1444,78.036,2828.6568731717257,102.00737093985636
1445,78.11,2927.553640427964,116.75201031758597
1446,78.205,3126.6331729392814,124.28764523697153
1447,78.258,3230.9104114167035,104.87309462063708
1448,78.36,3071.980101002124,50.42385554945551
1449,78.425,2892.8423066499004,46.98114559972304
1450,78.487,2745.7171467371704,67.38615049937235
1451,78.552,2703.716053513051,94.44650258054416
1452,78.603,2750.344201321409,109.69495522549074
1453,78.642,2824.032043549541,117.71367083023392
1454,78.688,2932.3442913873037,123.49308863705164
1455,78.737,3038.8298833290683,109.88101409799866
1456,78.837,2929.0167045980374,54.6686369637373
1457,78.899,2764.2074925853026,55.07433813360083
1458,78.943,2695.0810123956844,77.9025529234834
1459,78.977,2680.951250045756,92.12328112621641
1460,79.019,2711.274290065526,106.32022564543227
1461,79.083,2822.5684788529447,119.19235162810386
1462,79.124,2924.9251022739286,124.16426273329623
1463,79.204,3052.6758062835406,92.69767881871847
1464,79.24,3006.7357566588353,69.35705956443937
1465,79.316,2838.451502494399,67.88372542018564
1466,79.382,2789.0925854855163,93.8003177135377
1467,79.447,2842.792213221535,111.08010542137785
1468,79.484,2911.986308999077,117.76369219950455
1469,79.609,3016.8645208952444,83.91188388420815
1470,79.681,2899.073043321035,56.448104761630205
1471,79.724,2788.263128929438,55.80113965776807
1472,79.775,2712.768303270173,81.78481482599446
1473,79.815,2708.0001244499203,96.86770706529538
1474,79.868,2760.622724295949,110.96860202489447
1475,79.914,2845.4402934608283,119.09270075227812
1476,79.958,2947.7858559610513,123.94738646593089
1477,80.011,3059.9267681544948,108.61030922871042
1478,80.061,3038.1093420852844,75.210781683663
1479,80.102,2952.970185959218,55.64129221768399
1480,80.155,2819.0437947793794,59.68278139833001
1481,80.195,2762.0488454868296,78.10120105869412
1482,80.252,2749.9330077381837,98.46461314248928
1483,80.298,2798.6441050797353,110.83511413558978
1484,80.34,2878.549351263327,118.54103534701744
1485,80.387,2991.2904548072497,123.71074929412305
1486,80.436,3093.0489522971825,104.18032014187779
1487,80.473,3069.78398351135,76.80486005664729
1488,80.524,2955.2360466127957,51.96152362625429
1489,80.573,2818.0022911584415,56.469726510538784
1490,80.645,2733.3999774560366,90.38366629936404
1491,80.686,2753.9506868828034,104.43020951300252
1492,80.755,2867.79521142964,118.63030073362575
1493,80.815,3009.724341063077,124.64976751328234
1494,80.859,3115.0514748370215,112.61927648285838
1495,80.91,3100.6124242601777,77.22061999574477
1496,80.955,3007.6771801559016,55.49989417799403
1497,80.991,2909.8943652734633,53.67719614006669
1498,81.028,2836.323074290725,73.61697403877679
1499,81.064,2807.32252025451,87.13922584906457
1500,81.1,2804.576641973179,95.60100597932556
1501,81.138,2830.1839714784132,106.44532912273793
1502,81.184,2902.422127692987,115.90752992415376
1503,81.224,2987.533837762046,121.0364524201958
1504,81.3,3119.725400312776,96.92870391474023
1505,81.347,3071.7721589427865,69.84331585486437
1506,81.431,2867.457926728194,39.444429249389884
1507,81.482,2708.863342112107,47.16950889743094
1508,81.522,2629.095900377348,71.83324651517249
1509,81.567,2606.341240232664,92.69545969129268
1510,81.616,2651.202252249734,108.7396399084602
1511,81.716,2869.589175048901,125.43442524207168
1512,81.77,3031.4270553357483,128.744209824443
1513,81.834,3159.5853538234487,97.95058115890775
1514,81.899,3064.710222206812,59.85803169720575
1515,81.95,2946.176290895411,63.62734516294751
1516,81.996,2880.2757460020857,85.03344630021226
1517,82.053,2882.990448041179,102.98429684242059
1518,82.109,2948.343326426636,114.02118985973199
1519,82.18,3033.984699455118,96.50859779224449
1520,82.241,2976.2265264167017,67.48988312170152
1521,82.344,2763.033788131855,71.54185896480935
1522,82.42,2737.953363460931,99.84514804969272
1523,82.558,2968.2763773727943,123.57742709198635
1524,82.623,3121.3746551206928,109.52887186182323
1525,82.663,3109.49814636342,80.13036202135203
1526,82.707,3016.2917760917067,56.57431336096183
1527,82.777,2843.6136608008164,67.23889374857228
1528,82.872,2804.529545361846,102.6179382375319
1529,82.922,2872.6338981980016,114.27280749157481
1530,82.977,2988.059557362617,121.63033127171123
1531,83.015,3076.3591659627177,112.51826860809972
1532,83.068,3062.440202344793,76.59866342858179
1533,83.122,2944.3693199855948,51.361328096643405
1534,83.17,2815.5294744818975,49.439265502683405
1535,83.221,2721.9898366162656,77.92868481323286
1536,83.274,2713.4890088074203,99.11620264221155
1537,83.339,2796.5689916789506,114.99725552967256
1538,83.4,2929.3918849267643,123.21278894482415
1539,83.454,3035.5490322571372,102.74715833712685
1540,83.51,2990.8495395460877,69.23509763274399
1541,83.555,2904.076319036157,69.70034490252235
1542,83.614,2854.669861433601,92.01107784291017
1543,83.661,2871.2764266896233,104.54547765864352
1544,83.705,2921.4638860250193,112.98076992733503
1545,83.759,3021.3268757623737,120.03084815792758
1546,83.804,3100.763054212398,108.09143433981832
1547,83.872,3050.7409445448006,67.66840549552731
1548,83.917,2940.7322303695537,48.64559643904001
1549,84.011,2705.0613957216356,62.84785631515914
1550,84.064,2653.1072898667867,87.34183700106004
1551,84.102,2665.4675974585293,101.21027605570531
1552,84.139,2712.326204186492,111.27757118524148
1553,84.199,2832.6775845114125,121.58291317726282
1554,84.255,2978.019603544411,126.6405410527904
1555,84.326,3140.706443511423,107.28615381317779
1556,84.401,3065.6032069179696,62.73797143042775
1557,84.453,2942.2363931373548,44.62010422891142
1558,84.49,2853.167513994259,48.122719283389536
1559,84.53,2793.607436381228,63.45951765120081
1560,84.592,2737.618724800415,86.14389796089927
1561,84.65,2755.5636468853118,104.5319845694785
1562,84.736,2902.542219752684,120.61451531019797
1563,84.811,3089.0726150267164,126.05035218207283
1564,84.846,3151.1257678661605,120.22599584551683
1565,84.901,3154.4259385522296,80.12797429949893
1566,84.955,3045.6074423106465,54.337785629436524
1567,84.999,2917.8225342160986,56.012725369700924
1568,85.06,2825.243423113326,85.5781607068827
1569,85.131,2848.694801085429,107.22450043115876
1570,85.172,2907.710493287098,115.0377949419432
1571,85.274,3117.258039796364,124.11613146279097
1572,85.33,3231.3526740854736,109.66119725170482
1573,85.368,3218.4259914215927,81.92652415621869
1574,85.409,3134.055843528658,59.28306820464609
1575,85.463,2986.691338314872,40.531256285440335
1576,85.512,2837.716835851593,48.33732330111562
1577,85.563,2744.062631856911,75.35426724830032
1578,85.614,2723.721970046288,95.69567306693332
1579,85.666,2771.7535974738953,110.15080749440928
1580,85.716,2864.1485100867076,119.15220115237587
1581,85.757,2961.488708169899,123.69132728405067
1582,85.801,3055.714508020588,108.46993670765812
1583,85.852,3034.93987638996,75.56866272809741
1584,85.893,2948.7842652244562,55.616340150044614
1585,85.934,2839.9799590566627,56.696291348305046
1586,85.985,2762.740960370662,82.14369541378
1587,86.043,2764.9473895449637,101.71740242044018
1588,86.097,2833.9980471721046,114.14707935134756
1589,86.154,2945.9871803707847,121.69838710614643
1590,86.21,3039.5535331471765,99.23340301294206
1591,86.28,2955.8550634163294,60.675740596607305
1592,86.345,2830.0782218231175,71.4844202963214
1593,86.402,2792.1966809538885,94.04002011305435
1594,86.453,2825.5999039720423,107.82816638105591
1595,86.51,2916.4683684717443,117.85750251821388
1596,86.553,3010.780910789297,122.44935671329853
1597,86.605,3112.248146688829,103.09395690124084
1598,86.694,2991.9985248762086,54.87139256701798
1599,86.749,2850.3467239674924,59.11652025358035
1600,86.788,2786.4826726464275,79.37773612046102
1601,86.854,2784.8911623956164,102.77491339047164
1602,86.9,2844.826494049132,113.47862661567676
1603,86.952,2950.5992508429586,121.02837531708629
1604,87.022,3041.01613558422,89.23913206936294
1605,87.071,2964.8964451506276,61.64642229557209
1606,87.145,2812.009194654297,74.00017234281974
1607,87.195,2782.389010373522,93.92655706960981
1608,87.231,2802.343391091803,104.72892115743173
1609,87.308,2919.611285501298,118.71797933596453
1610,87.36,3041.36791127061,123.72524623419005
1611,87.443,3124.1355219106063,82.29330671826325
1612,87.506,2990.1725644597627,51.173214826408696
1613,87.552,2861.3962409010824,56.03758406368072
1614,87.621,2771.4706567783314,88.5687043557445
1615,87.659,2781.342615825075,101.84542805105966
1616,87.715,2856.915753127147,114.82018104676905
1617,87.753,2940.15991193473,120.57979950887115
1618,87.8,3031.598422421094,103.95883279105061
1619,87.84,3010.2454284600003,76.53880866268881
1620,87.89,2912.6871823313586,66.23146439339115
1621,87.926,2861.6743775540604,83.40008525699311
1622,87.968,2853.206639008395,98.16646862361233
1623,88.007,2884.070528774814,108.20702575613664
1624,88.054,2953.8492003373553,116.27275291681595
1625,88.108,3027.316175582099,99.81762364378694
1626,88.143,3011.6795680357345,80.00425304648678
1627,88.254,2862.2229501384427,88.37670114167985
1628,88.338,2906.418312024613,110.54671736103235
1629,88.411,3035.8797929354837,120.43749589011259
1630,88.468,3160.636827895737,112.59426422731418
1631,88.52,3137.1865935132378,74.91686299121767
1632,88.584,2989.913000640789,47.3515923155641
1633,88.662,2771.320814134134,58.61839785496246
1634,88.757,2706.2144622220167,99.22587228667848
1635,88.798,2754.7986610235257,110.92487602945135
1636,88.852,2862.4923820518056,120.4970938179254
1637,88.903,2995.655111961916,125.49052423995052
1638,88.941,3091.2212460782825,113.76679734151921
1639,88.983,3090.8861894944257,82.27337474423545
1640,89.041,2973.864387327615,53.391880792325296
1641,89.079,2860.265021353904,51.92978386932412
1642,89.165,2754.3249733677144,92.06745884992351
1643,89.214,2786.680980044331,107.30631453833082
1644,89.261,2868.056547374458,117.11164041623238
1645,89.321,3009.086054774425,123.87334864731999
1646,89.378,3113.1159030012273,98.7897071761908
1647,89.431,3046.0286375702444,65.01551283112028
1648,89.475,2932.2796844371246,60.65997909156066
1649,89.516,2877.2805433722006,76.14766293441069
1650,89.555,2849.1147733444523,91.77116052263209
1651,89.618,2885.5000742890284,108.80662138205493
1652,89.684,2996.6085772183246,119.1239280254366
1653,89.752,3080.828413131982,89.7084191131567
1654,89.801,3003.667275104603,61.84174484725236
1655,89.848,2887.7871589034476,63.155098637249225
1656,89.919,2818.0928814387603,92.37617549656753
1657,89.979,2855.776612684631,108.7693247935428
1658,90.024,2932.0514523791358,117.09937243001629
1659,90.071,3007.0782290399516,101.50486076651167
1660,90.126,2965.829850253285,69.99667133255055
1661,90.183,2860.5046839861984,74.60469663983592
1662,90.255,2834.229346813,99.78299624743332
1663,90.318,2904.1109342892637,113.76986350302386
1664,90.365,2995.10664483745,120.11766428062163
1665,90.418,3080.55332864366,100.21097184825223
1666,90.471,3023.766169185238,66.99603292460199
1667,90.516,2912.065114232597,61.20006715628187
1668,90.587,2833.6868267733053,90.61557019057099
1669,90.627,2846.18021340456,103.23404780034937
1670,90.668,2898.6403779004763,112.76743493581515
1671,90.723,3003.0558477599134,120.28688186638816
1672,90.779,3122.696434430911,110.54812180183472
1673,90.84,3082.8165931757007,69.98464086178869
1674,90.884,2970.460596504977,49.544826511733085
1675,90.952,2783.7725545557837,57.27938001078347
1676,90.998,2714.1453398501144,81.5539801844142
1677,91.052,2717.823714440665,101.446034691084
1678,91.1,2785.668685667852,113.96599655507043
1679,91.15,2895.21131670525,121.81466523633783
1680,91.215,3035.761359044917,108.52882795758606
1681,91.248,3048.4204939351043,90.6003920668966
1682,91.289,2989.1871551233203,65.62042065992502
1683,91.336,2882.1028116456237,66.51791303314288
1684,91.384,2827.140418311637,88.04503024688223
1685,91.423,2829.595474130017,99.78603547010256
1686,91.469,2877.9037844098452,111.23505075228887
1687,91.512,2946.2107566102645,117.64862933286825
1688,91.546,2997.6906153466216,112.87107530873108
1689,91.585,3009.770756614061,89.35571803610594
1690,91.619,2972.62272011615,70.88915654867237
1691,91.663,2901.3413719377963,72.11813372796087
1692,91.767,2880.6060171799127,105.72102722484276
1693,91.833,2974.8862449133035,117.15920315482428
1694,91.874,3051.7117851342937,107.6807621178423
1695,91.93,3023.391226063781,73.16317880763383
1696,92.034,2831.0228680820533,80.0164682744957
1697,92.072,2815.060096373334,95.14955488350326
1698,92.11,2839.0947241658673,106.10158313759797
1699,92.172,2932.463001896032,117.37495567526526
1700,92.221,3034.8575861366908,109.60996175676976
1701,92.264,3032.877177777467,81.92449300922637
1702,92.312,2947.8932789493592,58.1390404672631
1703,92.362,2826.4539283948966,63.46488997733901
1704,92.422,2764.4627577891824,90.49543951762392
1705,92.483,2802.188004270937,108.4643389144449
1706,92.525,2874.997763149881,116.88910243696762
1707,92.608,3067.3474236094326,124.88238564453482
1708,92.765,3261.556896260118,75.73205722748443
1709,92.812,3145.0142520624477,52.098463987125115
1710,92.853,3013.1508416111574,37.87377570669907
1711,92.89,2882.781018185407,42.208041179931726
1712,92.933,2783.9541781166054,67.57491913769042
1713,92.995,2738.5819416489335,93.55491988920072
1714,93.048,2780.0321713046073,108.93492954447878
1715,93.094,2861.0876618419406,117.80005462156026
1716,93.163,3020.5338838059947,124.73488805161224
1717,93.208,3119.4849348735993,107.33621660210208
1718,93.253,3095.189781898017,75.92814036112475
1719,93.306,2977.2166590666347,51.285842703997744
1720,93.356,2841.8089303591996,56.83534941992315
1721,93.417,2758.8760855479113,86.33046773842206
1722,93.472,2772.8629682817163,103.68949564821727
1723,93.531,2852.1726663162744,115.69914097460189
1724,93.579,2956.5095794337662,122.04004633151379
1725,93.621,3052.4809935797193,111.23154762492088
1726,93.665,3045.851755511563,79.94420466737958
1727,93.703,2974.6330718158724,60.054789519241936
1728,93.743,2869.835071311098,59.599198025785746
1729,93.776,2808.8373696700182,78.32615701697537
1730,93.824,2791.864423545949,96.86999296450757
1731,93.869,2832.0357676114054,109.33838727377962
1732,93.932,2940.6612416247067,119.48566797347812
1733,93.979,3031.73967286598,106.16044249862979
1734,94.02,3014.9210384582225,77.6177798181387
1735,94.061,2935.722205734729,69.3113066318227
1736,94.109,2883.9890046978544,89.7688800876899
1737,94.156,2896.964236004938,104.32600306251358
1738,94.211,2968.7549856081223,114.97553976975512
1739,94.263,3060.566952100924,105.43912563093912
1740,94.309,3030.262493383426,73.37830281682702
1741,94.347,2947.7397630125447,67.30317671097703
1742,94.382,2896.8837215677872,84.07836775340455
1743,94.445,2898.3352381029686,103.52865832934977
1744,94.483,2943.5972985328276,112.0153382505119
1745,94.6,3083.543811343949,105.38744351226599
1746,94.642,3094.309840993756,89.83293674535979
1747,94.691,3016.825207701632,61.90715822737597
1748,94.743,2878.649949173579,57.186962558596846
1749,94.789,2801.587748599789,81.2946169181066
1750,94.835,2793.0286270255874,98.36110796771304
1751,94.909,2876.5434390454166,114.89161926808694
1752,94.976,3015.9863381654027,122.73764037888259
1753,95.035,3119.2970826742803,100.43157645327595
1754,95.094,3051.7671403640866,64.92387962161912
1755,95.189,2899.618758298324,78.9462471830288
1756,95.252,2876.863797096184,99.18417232790307
1757,95.334,2961.5347397108358,115.05694938779361
1758,95.378,3024.888818756034,101.1944834028259
1759,95.439,2962.570208939048,64.8680575805618
1760,95.486,2849.8146108040655,59.63557426014125
1761,95.527,2789.1769350731092,78.78383341922083
1762,95.577,2774.301102996774,96.67462586392607
1763,95.634,2829.570563987367,111.48028496104448
1764,95.689,2939.4859187083152,120.42237841141359
1765,95.729,3028.921333160596,110.0566156465172
1766,95.767,3029.560356311036,84.29221200590223
1767,95.808,2957.593898536203,61.27129764662986
1768,95.845,2865.664139551087,59.89029854995393
1769,95.914,2787.7606536192243,90.32278126317793
1770,95.952,2801.6511237177556,103.11812992087096
1771,95.996,2855.4592044126093,112.89813238036658
1772,96.065,2994.2766606496007,122.07218919564919
1773,96.103,3084.2504129485305,111.3642238781864
1774,96.179,3031.4657586971725,65.78932083174814
1775,96.23,2911.909456764447,67.44353034610727
1776,96.313,2856.6078438368454,98.25792029703825
1777,96.382,2923.270706696883,113.20457335451313
1778,96.452,3054.18398577278,121.3480930780827
1779,96.497,3136.3716268352814,105.87781368902891
1780,96.547,3097.6783024495826,71.87163068069337
1781,96.624,2903.9355318564953,41.18452857164492
1782,96.681,2731.680754311255,48.05492861903299
1783,96.767,2628.4737053989097,90.45764445816431
1784,96.844,2702.14419574998,112.95519454554614
1785,96.887,2787.1498135141846,120.39088045272139
1786,96.95,2952.700972093781,126.87780960388372
1787,96.998,3067.206248503116,110.62012447964935
1788,97.032,3066.268324582967,83.90188832405121
1789,97.081,2978.863979545492,58.489744510276864
1790,97.131,2861.7822831535113,60.879385362460305
1791,97.167,2801.324997711642,80.37941213671786
1792,97.219,2790.254196432268,97.80750772069142
1793,97.264,2831.3728544700452,109.65693451707176
1794,97.326,2946.1020185571642,119.93753595769982
1795,97.382,3060.768948002911,107.52294038872192
1796,97.438,3026.0878197689763,71.37833633613694
1797,97.492,2914.833227934282,73.39746037882641
1798,97.529,2878.1553204213405,89.38617255978589
1799,97.572,2886.313732434762,102.772434584349
1800,97.61,2930.271051974443,111.5849397597368
1801,97.651,3004.9027397389996,118.0010258900431
1802,97.711,3094.2529092592767,96.03445351849467
1803,97.762,3029.1399005145167,65.23681323656221
1804,97.799,2942.711200924225,62.00837227672685
1805,97.858,2866.496550657903,88.0923074496146
1806,97.902,2872.8559058469937,102.40639094186612
1807,97.968,2945.589072112997,114.58097689625994
1808,98.016,3039.0755383492924,118.56513819899799
1809,98.065,3122.832935403971,103.40090986476808
1810,98.134,3049.6602347472926,63.47903883878833
1811,98.17,2953.2561080376686,58.1810786149239
1812,98.222,2858.7516704423315,79.68365604655177
1813,98.313,2869.715435384656,107.40421956974174
1814,98.452,3113.707529795401,123.42967795027567
1815,98.497,3201.631482127867,105.7905130601999
1816,98.549,3154.3584088614034,70.41305385457301
1817,98.587,3070.23142548577,53.90145854814722
1818,98.623,2973.7280878607094,48.738530455491194
1819,98.66,2905.271714312022,65.04123678794642
1820,98.725,2840.5844842570004,91.38415390756279
1821,98.778,2865.5884832858883,106.55150999916644
1822,98.823,2934.5008227561443,115.57524530291738
1823,98.887,3007.5144426101497,89.76812875613797
1824,98.939,2935.507902949173,62.2945760296933
1825,98.984,2831.839464886003,65.34492192909087
1826,99.045,2775.2988904497993,90.85786592155512
1827,99.092,2799.5060826144813,105.76049923441973
1828,99.166,2914.2003716559307,118.8446676131472
1829,99.207,3016.9547347921557,123.32065457177794
1830,99.26,3139.5427769362122,109.13431536932764
1831,99.314,3109.4260996733105,73.67381093810103
1832,99.36,3002.0908577721802,51.94092250884373
1833,99.427,2823.796977829577,57.841764378591186
1834,99.464,2760.7415863168503,77.75008198502464
1835,99.506,2743.0749920411836,92.7648665656823
1836,99.578,2805.391787532981,112.00873501497422
1837,99.64,2926.799795848648,121.35654482088461
1838,99.7,3037.119904990603,99.71351475398853
1839,99.74,3005.633392559227,73.74285708343443
1840,99.785,2921.3186393505493,70.39999616743103
1841,99.833,2873.7823160046273,90.36575368285146
1842,99.88,2886.310577631416,103.87879774026653
1843,99.921,2935.4701643126464,112.60264343891237
1844,99.959,2997.9338393951803,117.79372535095692
1845,99.995,3072.0535819454185,109.74091090615195
